#-----------------------------------------------------------
# Vivado v2021.1 (64-bit)
# SW Build 3247384 on Thu Jun 10 19:36:33 MDT 2021
# IP Build 3246043 on Fri Jun 11 00:30:35 MDT 2021
# Start of session at: Sat Aug 15 20:26:10 2026
# Process ID: 14432
# Current directory: C:/project/FPGA2
# Command line: vivado.exe -mode batch -source C:\project\FPGA2\.Xil\build_warning_fixed.tcl -log C:\project\FPGA2\.Xil\vivado_warning_fixed.log -journal C:\project\FPGA2\.Xil\vivado_warning_fixed.jou
# Log file: C:/project/FPGA2/.Xil/vivado_warning_fixed.log
# Journal file: C:\project\FPGA2\.Xil\vivado_warning_fixed.jou
#-----------------------------------------------------------
source {C:\project\FPGA2\.Xil\build_warning_fixed.tcl}
# set root_dir "C:/project/FPGA2"
# set package_dir "$root_dir/artifacts/\u5de5\u7a0b\u5831\u544a(engineering_reports)/\u51cd\u7d50UART\u8b66\u544a\u4fee\u6b63(frozen_uart_warning_fixed)"
# set report_dir "$package_dir/\u5831\u544a(reports)"
# set checkpoint_dir "$package_dir/\u6aa2\u67e5\u9ede(checkpoint)"
# set provenance_dir "$package_dir/\u4f86\u6e90\u8207\u7d00\u9304(provenance)"
# foreach dir [list $package_dir $report_dir $checkpoint_dir $provenance_dir] {
#     file mkdir $dir
# }
# set part_name "xc7a100tcsg324-1"
# set top_name "fpga_top_arty_a7_uart"
# set_param general.maxThreads 2
# set rtl_files [list \
#     "$root_dir/rtl/aes_core/addr.v" \
#     "$root_dir/rtl/aes_core/AES_e.v" \
#     "$root_dir/rtl/aes_core/KeyGeneration.v" \
#     "$root_dir/rtl/aes_core/m_col.v" \
#     "$root_dir/rtl/aes_core/sbox.v" \
#     "$root_dir/rtl/aes_core/s_box.v" \
#     "$root_dir/rtl/aes_core/s_row.v" \
#     "$root_dir/rtl/ctr/aes_ctr_wrapper.v" \
#     "$root_dir/rtl/AAD_CT_IN.v" \
#     "$root_dir/rtl/GHASH.v" \
#     "$root_dir/rtl/IV_IN.v" \
#     "$root_dir/rtl/top.v" \
#     "$root_dir/rtl/uart_rx.v" \
#     "$root_dir/rtl/uart_tx.v" \
#     "$root_dir/rtl/fpga_top_arty_a7_uart.v" \
# ]
# set xdc_file "$root_dir/arty_a7_100t_uart.xdc"
# create_project -in_memory -part $part_name
# read_verilog $rtl_files
# read_xdc $xdc_file
# synth_design -top $top_name -part $part_name
Command: synth_design -top fpga_top_arty_a7_uart -part xc7a100tcsg324-1
Starting synth_design
Attempting to get a license for feature 'Synthesis' and/or device 'xc7a100t'
INFO: [Common 17-349] Got license for feature 'Synthesis' and/or device 'xc7a100t'
INFO: [Device 21-403] Loading part xc7a100tcsg324-1
INFO: [Synth 8-7079] Multithreading enabled for synth_design using a maximum of 2 processes.
INFO: [Synth 8-7078] Launching helper process for spawning children vivado processes
INFO: [Synth 8-7075] Helper process launched with PID 4620
---------------------------------------------------------------------------------
Starting RTL Elaboration : Time (s): cpu = 00:00:04 ; elapsed = 00:00:05 . Memory (MB): peak = 1109.871 ; gain = 0.000
---------------------------------------------------------------------------------
INFO: [Synth 8-6157] synthesizing module 'fpga_top_arty_a7_uart' [C:/project/FPGA2/rtl/fpga_top_arty_a7_uart.v:3]
INFO: [Synth 8-6157] synthesizing module 'MMCME2_BASE' [C:/Xilinx/Vivado/2021.1/scripts/rt/data/unisim_comp.v:60083]
	Parameter BANDWIDTH bound to: OPTIMIZED - type: string 
	Parameter CLKFBOUT_MULT_F bound to: 10.000000 - type: double 
	Parameter CLKFBOUT_PHASE bound to: 0.000000 - type: double 
	Parameter CLKIN1_PERIOD bound to: 10.000000 - type: double 
	Parameter CLKOUT0_DIVIDE_F bound to: 40.000000 - type: double 
	Parameter CLKOUT0_DUTY_CYCLE bound to: 0.500000 - type: double 
	Parameter CLKOUT0_PHASE bound to: 0.000000 - type: double 
	Parameter CLKOUT1_DIVIDE bound to: 1 - type: integer 
	Parameter CLKOUT2_DIVIDE bound to: 1 - type: integer 
	Parameter CLKOUT3_DIVIDE bound to: 1 - type: integer 
	Parameter CLKOUT4_DIVIDE bound to: 1 - type: integer 
	Parameter CLKOUT5_DIVIDE bound to: 1 - type: integer 
	Parameter CLKOUT6_DIVIDE bound to: 1 - type: integer 
	Parameter DIVCLK_DIVIDE bound to: 1 - type: integer 
	Parameter REF_JITTER1 bound to: 0.010000 - type: double 
	Parameter STARTUP_WAIT bound to: FALSE - type: string 
INFO: [Synth 8-6155] done synthesizing module 'MMCME2_BASE' (1#1) [C:/Xilinx/Vivado/2021.1/scripts/rt/data/unisim_comp.v:60083]
WARNING: [Synth 8-7071] port 'CLKFBOUTB' of module 'MMCME2_BASE' is unconnected for instance 'u_mmcm' [C:/project/FPGA2/rtl/fpga_top_arty_a7_uart.v:194]
WARNING: [Synth 8-7023] instance 'u_mmcm' of module 'MMCME2_BASE' has 18 connections declared, but only 17 given [C:/project/FPGA2/rtl/fpga_top_arty_a7_uart.v:194]
INFO: [Synth 8-6157] synthesizing module 'BUFG' [C:/Xilinx/Vivado/2021.1/scripts/rt/data/unisim_comp.v:1083]
INFO: [Synth 8-6155] done synthesizing module 'BUFG' (2#1) [C:/Xilinx/Vivado/2021.1/scripts/rt/data/unisim_comp.v:1083]
INFO: [Synth 8-6157] synthesizing module 'top' [C:/project/FPGA2/rtl/top.v:3]
INFO: [Synth 8-6157] synthesizing module 'IV_IN' [C:/project/FPGA2/rtl/IV_IN.v:3]
INFO: [Synth 8-6155] done synthesizing module 'IV_IN' (3#1) [C:/project/FPGA2/rtl/IV_IN.v:3]
INFO: [Synth 8-6157] synthesizing module 'AAD_CT_IN' [C:/project/FPGA2/rtl/AAD_CT_IN.v:3]
INFO: [Synth 8-6155] done synthesizing module 'AAD_CT_IN' (4#1) [C:/project/FPGA2/rtl/AAD_CT_IN.v:3]
INFO: [Synth 8-6157] synthesizing module 'AES_e' [C:/project/FPGA2/rtl/aes_core/AES_e.v:2]
INFO: [Synth 8-6157] synthesizing module 's_box' [C:/project/FPGA2/rtl/aes_core/s_box.v:2]
INFO: [Synth 8-6157] synthesizing module 'sbox' [C:/project/FPGA2/rtl/aes_core/sbox.v:2]
INFO: [Synth 8-226] default block is never used [C:/project/FPGA2/rtl/aes_core/sbox.v:20]
INFO: [Synth 8-6155] done synthesizing module 'sbox' (5#1) [C:/project/FPGA2/rtl/aes_core/sbox.v:2]
INFO: [Synth 8-6155] done synthesizing module 's_box' (6#1) [C:/project/FPGA2/rtl/aes_core/s_box.v:2]
INFO: [Synth 8-6157] synthesizing module 's_row' [C:/project/FPGA2/rtl/aes_core/s_row.v:2]
INFO: [Synth 8-6155] done synthesizing module 's_row' (7#1) [C:/project/FPGA2/rtl/aes_core/s_row.v:2]
INFO: [Synth 8-6157] synthesizing module 'm_col' [C:/project/FPGA2/rtl/aes_core/m_col.v:60]
INFO: [Synth 8-6157] synthesizing module 'multiplyByMat' [C:/project/FPGA2/rtl/aes_core/m_col.v:15]
INFO: [Synth 8-6157] synthesizing module 'multiply' [C:/project/FPGA2/rtl/aes_core/m_col.v:2]
INFO: [Synth 8-6155] done synthesizing module 'multiply' (8#1) [C:/project/FPGA2/rtl/aes_core/m_col.v:2]
INFO: [Synth 8-6155] done synthesizing module 'multiplyByMat' (9#1) [C:/project/FPGA2/rtl/aes_core/m_col.v:15]
INFO: [Synth 8-6155] done synthesizing module 'm_col' (10#1) [C:/project/FPGA2/rtl/aes_core/m_col.v:60]
INFO: [Synth 8-6157] synthesizing module 'addr' [C:/project/FPGA2/rtl/aes_core/addr.v:2]
INFO: [Synth 8-6157] synthesizing module 'KeyGeneration' [C:/project/FPGA2/rtl/aes_core/KeyGeneration.v:2]
INFO: [Synth 8-6155] done synthesizing module 'KeyGeneration' (11#1) [C:/project/FPGA2/rtl/aes_core/KeyGeneration.v:2]
INFO: [Synth 8-6155] done synthesizing module 'addr' (12#1) [C:/project/FPGA2/rtl/aes_core/addr.v:2]
INFO: [Synth 8-6155] done synthesizing module 'AES_e' (13#1) [C:/project/FPGA2/rtl/aes_core/AES_e.v:2]
INFO: [Synth 8-6157] synthesizing module 'aes_ctr_wrapper' [C:/project/FPGA2/rtl/ctr/aes_ctr_wrapper.v:3]
INFO: [Synth 8-6155] done synthesizing module 'aes_ctr_wrapper' (14#1) [C:/project/FPGA2/rtl/ctr/aes_ctr_wrapper.v:3]
INFO: [Synth 8-6157] synthesizing module 'GHASH' [C:/project/FPGA2/rtl/GHASH.v:3]
INFO: [Synth 8-6155] done synthesizing module 'GHASH' (15#1) [C:/project/FPGA2/rtl/GHASH.v:3]
INFO: [Synth 8-6155] done synthesizing module 'top' (16#1) [C:/project/FPGA2/rtl/top.v:3]
INFO: [Synth 8-6157] synthesizing module 'uart_rx' [C:/project/FPGA2/rtl/uart_rx.v:3]
	Parameter CLKS_PER_BIT bound to: 217 - type: integer 
INFO: [Synth 8-226] default block is never used [C:/project/FPGA2/rtl/uart_rx.v:43]
INFO: [Synth 8-6155] done synthesizing module 'uart_rx' (17#1) [C:/project/FPGA2/rtl/uart_rx.v:3]
INFO: [Synth 8-6157] synthesizing module 'uart_tx' [C:/project/FPGA2/rtl/uart_tx.v:3]
	Parameter CLKS_PER_BIT bound to: 217 - type: integer 
INFO: [Synth 8-6155] done synthesizing module 'uart_tx' (18#1) [C:/project/FPGA2/rtl/uart_tx.v:3]
INFO: [Synth 8-6155] done synthesizing module 'fpga_top_arty_a7_uart' (19#1) [C:/project/FPGA2/rtl/fpga_top_arty_a7_uart.v:3]
---------------------------------------------------------------------------------
Finished RTL Elaboration : Time (s): cpu = 00:00:07 ; elapsed = 00:00:08 . Memory (MB): peak = 1109.871 ; gain = 0.000
---------------------------------------------------------------------------------
---------------------------------------------------------------------------------
Start Handling Custom Attributes
---------------------------------------------------------------------------------
---------------------------------------------------------------------------------
Finished Handling Custom Attributes : Time (s): cpu = 00:00:08 ; elapsed = 00:00:09 . Memory (MB): peak = 1109.871 ; gain = 0.000
---------------------------------------------------------------------------------
---------------------------------------------------------------------------------
Finished RTL Optimization Phase 1 : Time (s): cpu = 00:00:08 ; elapsed = 00:00:09 . Memory (MB): peak = 1109.871 ; gain = 0.000
---------------------------------------------------------------------------------
Netlist sorting complete. Time (s): cpu = 00:00:00 ; elapsed = 00:00:00.468 . Memory (MB): peak = 1109.871 ; gain = 0.000
INFO: [Netlist 29-17] Analyzing 1 Unisim elements for replacement
INFO: [Netlist 29-28] Unisim Transformation completed in 0 CPU seconds
INFO: [Project 1-570] Preparing netlist for logic optimization

Processing XDC Constraints
Initializing timing engine
Parsing XDC File [C:/project/FPGA2/arty_a7_100t_uart.xdc]
Finished Parsing XDC File [C:/project/FPGA2/arty_a7_100t_uart.xdc]
INFO: [Project 1-236] Implementation specific constraints were found while reading constraint file [C:/project/FPGA2/arty_a7_100t_uart.xdc]. These constraints will be ignored for synthesis but will be used in implementation. Impacted constraints are listed in the file [.Xil/fpga_top_arty_a7_uart_propImpl.xdc].
Resolution: To avoid this warning, move constraints listed in [.Xil/fpga_top_arty_a7_uart_propImpl.xdc] to another XDC file and exclude this new file from synthesis with the used_in_synthesis property (File Properties dialog in GUI) and re-run elaboration/synthesis.
INFO: [Timing 38-2] Deriving generated clocks
Completed Processing XDC Constraints

Netlist sorting complete. Time (s): cpu = 00:00:00 ; elapsed = 00:00:00.005 . Memory (MB): peak = 1380.074 ; gain = 0.000
INFO: [Project 1-111] Unisim Transformation Summary:
  A total of 1 instances were transformed.
  MMCME2_BASE => MMCME2_ADV: 1 instance 

Constraint Validation Runtime : Time (s): cpu = 00:00:00 ; elapsed = 00:00:00.103 . Memory (MB): peak = 1380.074 ; gain = 0.000
---------------------------------------------------------------------------------
Finished Constraint Validation : Time (s): cpu = 00:00:20 ; elapsed = 00:00:22 . Memory (MB): peak = 1380.074 ; gain = 270.203
---------------------------------------------------------------------------------
---------------------------------------------------------------------------------
Start Loading Part and Timing Information
---------------------------------------------------------------------------------
Loading part: xc7a100tcsg324-1
---------------------------------------------------------------------------------
Finished Loading Part and Timing Information : Time (s): cpu = 00:00:20 ; elapsed = 00:00:22 . Memory (MB): peak = 1380.074 ; gain = 270.203
---------------------------------------------------------------------------------
---------------------------------------------------------------------------------
Start Applying 'set_property' XDC Constraints
---------------------------------------------------------------------------------
---------------------------------------------------------------------------------
Finished applying 'set_property' XDC Constraints : Time (s): cpu = 00:00:20 ; elapsed = 00:00:22 . Memory (MB): peak = 1380.074 ; gain = 270.203
---------------------------------------------------------------------------------
INFO: [Synth 8-802] inferred FSM for state register 'state_reg' in module 'GHASH'
INFO: [Synth 8-802] inferred FSM for state register 'state_reg' in module 'uart_rx'
INFO: [Synth 8-802] inferred FSM for state register 'state_reg' in module 'uart_tx'
---------------------------------------------------------------------------------------------------
                   State |                     New Encoding |                Previous Encoding 
---------------------------------------------------------------------------------------------------
                 ST_IDLE |                                0 |                               00
                  ST_MUL |                                1 |                               01
---------------------------------------------------------------------------------------------------
INFO: [Synth 8-3354] encoded FSM with state register 'state_reg' using encoding 'sequential' in module 'GHASH'
---------------------------------------------------------------------------------------------------
                   State |                     New Encoding |                Previous Encoding 
---------------------------------------------------------------------------------------------------
                 ST_IDLE |                               00 |                               00
                ST_START |                               01 |                               01
                 ST_DATA |                               10 |                               10
                 ST_STOP |                               11 |                               11
---------------------------------------------------------------------------------------------------
INFO: [Synth 8-3354] encoded FSM with state register 'state_reg' using encoding 'sequential' in module 'uart_rx'
---------------------------------------------------------------------------------------------------
                   State |                     New Encoding |                Previous Encoding 
---------------------------------------------------------------------------------------------------
                 ST_IDLE |                               00 |                              000
                ST_START |                               01 |                              001
                 ST_DATA |                               10 |                              010
                 ST_STOP |                               11 |                              011
---------------------------------------------------------------------------------------------------
INFO: [Synth 8-3354] encoded FSM with state register 'state_reg' using encoding 'sequential' in module 'uart_tx'
---------------------------------------------------------------------------------
Finished RTL Optimization Phase 2 : Time (s): cpu = 00:00:25 ; elapsed = 00:00:26 . Memory (MB): peak = 1380.074 ; gain = 270.203
---------------------------------------------------------------------------------
---------------------------------------------------------------------------------
Start RTL Component Statistics 
---------------------------------------------------------------------------------
Detailed RTL Component Info : 
+---Adders : 
	   2 Input  128 Bit       Adders := 1     
	   3 Input   33 Bit       Adders := 1     
	   2 Input   32 Bit       Adders := 14    
	   3 Input   32 Bit       Adders := 13    
	   4 Input   32 Bit       Adders := 4     
	   2 Input   20 Bit       Adders := 1     
	   2 Input   17 Bit       Adders := 2     
	   2 Input   16 Bit       Adders := 2     
	   2 Input   13 Bit       Adders := 1     
	   2 Input   12 Bit       Adders := 16    
	   2 Input   11 Bit       Adders := 3     
	   2 Input    8 Bit       Adders := 5     
	   2 Input    7 Bit       Adders := 2     
	   2 Input    6 Bit       Adders := 7     
	   2 Input    5 Bit       Adders := 1     
	   2 Input    4 Bit       Adders := 6     
+---XORs : 
	   2 Input    128 Bit         XORs := 50    
	   2 Input     32 Bit         XORs := 147   
	   3 Input     32 Bit         XORs := 21    
	   2 Input      8 Bit         XORs := 384   
	   4 Input      8 Bit         XORs := 48    
+---Registers : 
	             1024 Bit    Registers := 14    
	              256 Bit    Registers := 5     
	              128 Bit    Registers := 48    
	               20 Bit    Registers := 1     
	               16 Bit    Registers := 5     
	               11 Bit    Registers := 15    
	                8 Bit    Registers := 333   
	                7 Bit    Registers := 2     
	                6 Bit    Registers := 6     
	                5 Bit    Registers := 2     
	                4 Bit    Registers := 9     
	                3 Bit    Registers := 1     
	                2 Bit    Registers := 2     
	                1 Bit    Registers := 146   
+---ROMs : 
	                    ROMs := 216   
+---Muxes : 
	  29 Input 1024 Bit        Muxes := 2     
	   2 Input 1024 Bit        Muxes := 9     
	   4 Input 1024 Bit        Muxes := 4     
	  14 Input 1024 Bit        Muxes := 1     
	  29 Input  256 Bit        Muxes := 1     
	   4 Input  256 Bit        Muxes := 1     
	  16 Input  128 Bit        Muxes := 3     
	   2 Input  128 Bit        Muxes := 25    
	   4 Input  128 Bit        Muxes := 1     
	  14 Input  128 Bit        Muxes := 1     
	   2 Input   32 Bit        Muxes := 19    
	  14 Input   20 Bit        Muxes := 1     
	   2 Input   20 Bit        Muxes := 2     
	  14 Input   16 Bit        Muxes := 1     
	   5 Input   16 Bit        Muxes := 1     
	   2 Input   16 Bit        Muxes := 3     
	   4 Input   16 Bit        Muxes := 2     
	  29 Input   11 Bit        Muxes := 2     
	   2 Input   11 Bit        Muxes := 18    
	   4 Input   11 Bit        Muxes := 2     
	  14 Input   11 Bit        Muxes := 1     
	   2 Input    9 Bit        Muxes := 1     
	   2 Input    8 Bit        Muxes := 626   
	  14 Input    8 Bit        Muxes := 2     
	   4 Input    8 Bit        Muxes := 4     
	   7 Input    8 Bit        Muxes := 1     
	   3 Input    8 Bit        Muxes := 1     
	  18 Input    8 Bit        Muxes := 1     
	   2 Input    7 Bit        Muxes := 3     
	   4 Input    6 Bit        Muxes := 3     
	  29 Input    6 Bit        Muxes := 1     
	   2 Input    6 Bit        Muxes := 2     
	  14 Input    6 Bit        Muxes := 2     
	   3 Input    5 Bit        Muxes := 1     
	   6 Input    5 Bit        Muxes := 1     
	   2 Input    5 Bit        Muxes := 2     
	  14 Input    5 Bit        Muxes := 1     
	   2 Input    4 Bit        Muxes := 8     
	  29 Input    4 Bit        Muxes := 4     
	  14 Input    4 Bit        Muxes := 2     
	  16 Input    4 Bit        Muxes := 1     
	   4 Input    4 Bit        Muxes := 2     
	   2 Input    3 Bit        Muxes := 1     
	  15 Input    3 Bit        Muxes := 1     
	   5 Input    2 Bit        Muxes := 2     
	   4 Input    2 Bit        Muxes := 2     
	   2 Input    2 Bit        Muxes := 1     
	   2 Input    1 Bit        Muxes := 176   
	   3 Input    1 Bit        Muxes := 5     
	  16 Input    1 Bit        Muxes := 6     
	  15 Input    1 Bit        Muxes := 5     
	  29 Input    1 Bit        Muxes := 29    
	   5 Input    1 Bit        Muxes := 14    
	  14 Input    1 Bit        Muxes := 35    
	   7 Input    1 Bit        Muxes := 8     
	   4 Input    1 Bit        Muxes := 39    
	   8 Input    1 Bit        Muxes := 8     
	  10 Input    1 Bit        Muxes := 6     
---------------------------------------------------------------------------------
Finished RTL Component Statistics 
---------------------------------------------------------------------------------
---------------------------------------------------------------------------------
Start Part Resource Summary
---------------------------------------------------------------------------------
Part Resources:
DSPs: 240 (col length:80)
BRAMs: 270 (col length: RAMB18 80 RAMB36 40)
---------------------------------------------------------------------------------
Finished Part Resource Summary
---------------------------------------------------------------------------------
---------------------------------------------------------------------------------
Start Cross Boundary and Area Optimization
---------------------------------------------------------------------------------
INFO: [Synth 8-5544] ROM "rcon" won't be mapped to Block RAM because address size (4) smaller than threshold (5)
INFO: [Synth 8-5544] ROM "rcon" won't be mapped to Block RAM because address size (4) smaller than threshold (5)
INFO: [Synth 8-5544] ROM "rcon" won't be mapped to Block RAM because address size (4) smaller than threshold (5)
INFO: [Synth 8-5544] ROM "rcon" won't be mapped to Block RAM because address size (4) smaller than threshold (5)
INFO: [Synth 8-5544] ROM "rcon" won't be mapped to Block RAM because address size (4) smaller than threshold (5)
INFO: [Synth 8-5544] ROM "rcon" won't be mapped to Block RAM because address size (4) smaller than threshold (5)
INFO: [Synth 8-5544] ROM "rcon" won't be mapped to Block RAM because address size (4) smaller than threshold (5)
INFO: [Synth 8-5544] ROM "dout_r" won't be mapped to Block RAM because address size (4) smaller than threshold (5)
INFO: [Synth 8-3886] merging instance 'tag_valid_bits_cfg_reg[0]' (FDRE) to 'tag_valid_bits_cfg_reg[6]'
INFO: [Synth 8-3886] merging instance 'tag_valid_bits_cfg_reg[1]' (FDRE) to 'tag_valid_bits_cfg_reg[6]'
INFO: [Synth 8-3886] merging instance 'tag_valid_bits_cfg_reg[2]' (FDRE) to 'tag_valid_bits_cfg_reg[6]'
INFO: [Synth 8-3886] merging instance 'tag_valid_bits_cfg_reg[3]' (FDRE) to 'tag_valid_bits_cfg_reg[6]'
INFO: [Synth 8-3886] merging instance 'tag_valid_bits_cfg_reg[4]' (FDRE) to 'tag_valid_bits_cfg_reg[6]'
INFO: [Synth 8-3886] merging instance 'tag_valid_bits_cfg_reg[5]' (FDRE) to 'tag_valid_bits_cfg_reg[6]'
INFO: [Synth 8-3333] propagating constant 0 across sequential element (\tag_valid_bits_cfg_reg[6] )
INFO: [Synth 8-3333] propagating constant 1 across sequential element (\tag_valid_bits_cfg_reg[7] )
INFO: [Synth 8-4471] merging register 'data_block_idx_reg[3:0]' into 'data_block_idx_reg[3:0]' [C:/project/FPGA2/rtl/top.v:432]
INFO: [Synth 8-3886] merging instance 'hcalc_word_reg[0]' (FDRE) to 'hcalc_word_reg[1]'
INFO: [Synth 8-3886] merging instance 'hcalc_word_reg[1]' (FDRE) to 'hcalc_word_reg[2]'
INFO: [Synth 8-3886] merging instance 'hcalc_word_reg[2]' (FDRE) to 'hcalc_word_reg[3]'
INFO: [Synth 8-3886] merging instance 'hcalc_word_reg[3]' (FDRE) to 'hcalc_word_reg[4]'
INFO: [Synth 8-3886] merging instance 'hcalc_word_reg[4]' (FDRE) to 'hcalc_word_reg[5]'
INFO: [Synth 8-3886] merging instance 'hcalc_word_reg[5]' (FDRE) to 'hcalc_word_reg[6]'
INFO: [Synth 8-3886] merging instance 'hcalc_word_reg[6]' (FDRE) to 'hcalc_word_reg[7]'
INFO: [Synth 8-3886] merging instance 'hcalc_word_reg[7]' (FDRE) to 'hcalc_word_reg[8]'
INFO: [Synth 8-3886] merging instance 'hcalc_word_reg[8]' (FDRE) to 'hcalc_word_reg[9]'
INFO: [Synth 8-3886] merging instance 'hcalc_word_reg[9]' (FDRE) to 'hcalc_word_reg[10]'
INFO: [Synth 8-3886] merging instance 'hcalc_word_reg[10]' (FDRE) to 'hcalc_word_reg[11]'
INFO: [Synth 8-3886] merging instance 'hcalc_word_reg[11]' (FDRE) to 'hcalc_word_reg[12]'
INFO: [Synth 8-3886] merging instance 'hcalc_word_reg[12]' (FDRE) to 'hcalc_word_reg[13]'
INFO: [Synth 8-3886] merging instance 'hcalc_word_reg[13]' (FDRE) to 'hcalc_word_reg[14]'
INFO: [Synth 8-3886] merging instance 'hcalc_word_reg[14]' (FDRE) to 'hcalc_word_reg[15]'
INFO: [Synth 8-3886] merging instance 'hcalc_word_reg[15]' (FDRE) to 'hcalc_word_reg[16]'
INFO: [Synth 8-3886] merging instance 'hcalc_word_reg[16]' (FDRE) to 'hcalc_word_reg[17]'
INFO: [Synth 8-3886] merging instance 'hcalc_word_reg[17]' (FDRE) to 'hcalc_word_reg[18]'
INFO: [Synth 8-3886] merging instance 'hcalc_word_reg[18]' (FDRE) to 'hcalc_word_reg[19]'
INFO: [Synth 8-3886] merging instance 'hcalc_word_reg[19]' (FDRE) to 'hcalc_word_reg[20]'
INFO: [Synth 8-3886] merging instance 'hcalc_word_reg[20]' (FDRE) to 'hcalc_word_reg[21]'
INFO: [Synth 8-3886] merging instance 'hcalc_word_reg[21]' (FDRE) to 'hcalc_word_reg[22]'
INFO: [Synth 8-3886] merging instance 'hcalc_word_reg[22]' (FDRE) to 'hcalc_word_reg[23]'
INFO: [Synth 8-3886] merging instance 'hcalc_word_reg[23]' (FDRE) to 'hcalc_word_reg[24]'
INFO: [Synth 8-3886] merging instance 'hcalc_word_reg[24]' (FDRE) to 'hcalc_word_reg[25]'
INFO: [Synth 8-3886] merging instance 'hcalc_word_reg[25]' (FDRE) to 'hcalc_word_reg[26]'
INFO: [Synth 8-3886] merging instance 'hcalc_word_reg[26]' (FDRE) to 'hcalc_word_reg[27]'
INFO: [Synth 8-3886] merging instance 'hcalc_word_reg[27]' (FDRE) to 'hcalc_word_reg[28]'
INFO: [Synth 8-3886] merging instance 'hcalc_word_reg[28]' (FDRE) to 'hcalc_word_reg[29]'
INFO: [Synth 8-3886] merging instance 'hcalc_word_reg[29]' (FDRE) to 'hcalc_word_reg[30]'
INFO: [Synth 8-3886] merging instance 'hcalc_word_reg[30]' (FDRE) to 'hcalc_word_reg[31]'
INFO: [Synth 8-3886] merging instance 'hcalc_word_reg[31]' (FDRE) to 'hcalc_word_reg[32]'
INFO: [Synth 8-3886] merging instance 'hcalc_word_reg[32]' (FDRE) to 'hcalc_word_reg[33]'
INFO: [Synth 8-3886] merging instance 'hcalc_word_reg[33]' (FDRE) to 'hcalc_word_reg[34]'
INFO: [Synth 8-3886] merging instance 'hcalc_word_reg[34]' (FDRE) to 'hcalc_word_reg[35]'
INFO: [Synth 8-3886] merging instance 'hcalc_word_reg[35]' (FDRE) to 'hcalc_word_reg[36]'
INFO: [Synth 8-3886] merging instance 'hcalc_word_reg[36]' (FDRE) to 'hcalc_word_reg[37]'
INFO: [Synth 8-3886] merging instance 'hcalc_word_reg[37]' (FDRE) to 'hcalc_word_reg[38]'
INFO: [Synth 8-3886] merging instance 'hcalc_word_reg[38]' (FDRE) to 'hcalc_word_reg[39]'
INFO: [Synth 8-3886] merging instance 'hcalc_word_reg[39]' (FDRE) to 'hcalc_word_reg[40]'
INFO: [Synth 8-3886] merging instance 'hcalc_word_reg[40]' (FDRE) to 'hcalc_word_reg[41]'
INFO: [Synth 8-3886] merging instance 'hcalc_word_reg[41]' (FDRE) to 'hcalc_word_reg[42]'
INFO: [Synth 8-3886] merging instance 'hcalc_word_reg[42]' (FDRE) to 'hcalc_word_reg[43]'
INFO: [Synth 8-3886] merging instance 'hcalc_word_reg[43]' (FDRE) to 'hcalc_word_reg[44]'
INFO: [Synth 8-3886] merging instance 'hcalc_word_reg[44]' (FDRE) to 'hcalc_word_reg[45]'
INFO: [Synth 8-3886] merging instance 'hcalc_word_reg[45]' (FDRE) to 'hcalc_word_reg[46]'
INFO: [Synth 8-3886] merging instance 'hcalc_word_reg[46]' (FDRE) to 'hcalc_word_reg[47]'
INFO: [Synth 8-3886] merging instance 'hcalc_word_reg[47]' (FDRE) to 'hcalc_word_reg[48]'
INFO: [Synth 8-3886] merging instance 'hcalc_word_reg[48]' (FDRE) to 'hcalc_word_reg[49]'
INFO: [Synth 8-3886] merging instance 'hcalc_word_reg[49]' (FDRE) to 'hcalc_word_reg[50]'
INFO: [Synth 8-3886] merging instance 'hcalc_word_reg[50]' (FDRE) to 'hcalc_word_reg[51]'
INFO: [Synth 8-3886] merging instance 'hcalc_word_reg[51]' (FDRE) to 'hcalc_word_reg[52]'
INFO: [Synth 8-3886] merging instance 'hcalc_word_reg[52]' (FDRE) to 'hcalc_word_reg[53]'
INFO: [Synth 8-3886] merging instance 'hcalc_word_reg[53]' (FDRE) to 'hcalc_word_reg[54]'
INFO: [Synth 8-3886] merging instance 'hcalc_word_reg[54]' (FDRE) to 'hcalc_word_reg[55]'
INFO: [Synth 8-3886] merging instance 'hcalc_word_reg[55]' (FDRE) to 'hcalc_word_reg[56]'
INFO: [Synth 8-3886] merging instance 'hcalc_word_reg[56]' (FDRE) to 'hcalc_word_reg[57]'
INFO: [Synth 8-3886] merging instance 'hcalc_word_reg[57]' (FDRE) to 'hcalc_word_reg[58]'
INFO: [Synth 8-3886] merging instance 'hcalc_word_reg[58]' (FDRE) to 'hcalc_word_reg[59]'
INFO: [Synth 8-3886] merging instance 'hcalc_word_reg[59]' (FDRE) to 'hcalc_word_reg[60]'
INFO: [Synth 8-3886] merging instance 'hcalc_word_reg[60]' (FDRE) to 'hcalc_word_reg[61]'
INFO: [Synth 8-3886] merging instance 'hcalc_word_reg[61]' (FDRE) to 'hcalc_word_reg[62]'
INFO: [Synth 8-3886] merging instance 'hcalc_word_reg[62]' (FDRE) to 'hcalc_word_reg[63]'
INFO: [Synth 8-3886] merging instance 'hcalc_word_reg[63]' (FDRE) to 'hcalc_word_reg[64]'
INFO: [Synth 8-3886] merging instance 'hcalc_word_reg[64]' (FDRE) to 'hcalc_word_reg[65]'
INFO: [Synth 8-3886] merging instance 'hcalc_word_reg[65]' (FDRE) to 'hcalc_word_reg[66]'
INFO: [Synth 8-3886] merging instance 'hcalc_word_reg[66]' (FDRE) to 'hcalc_word_reg[67]'
INFO: [Synth 8-3886] merging instance 'hcalc_word_reg[67]' (FDRE) to 'hcalc_word_reg[68]'
INFO: [Synth 8-3886] merging instance 'hcalc_word_reg[68]' (FDRE) to 'hcalc_word_reg[69]'
INFO: [Synth 8-3886] merging instance 'hcalc_word_reg[69]' (FDRE) to 'hcalc_word_reg[70]'
INFO: [Synth 8-3886] merging instance 'hcalc_word_reg[70]' (FDRE) to 'hcalc_word_reg[71]'
INFO: [Synth 8-3886] merging instance 'hcalc_word_reg[71]' (FDRE) to 'hcalc_word_reg[72]'
INFO: [Synth 8-3886] merging instance 'hcalc_word_reg[72]' (FDRE) to 'hcalc_word_reg[73]'
INFO: [Synth 8-3886] merging instance 'hcalc_word_reg[73]' (FDRE) to 'hcalc_word_reg[74]'
INFO: [Synth 8-3886] merging instance 'hcalc_word_reg[74]' (FDRE) to 'hcalc_word_reg[75]'
INFO: [Synth 8-3886] merging instance 'hcalc_word_reg[75]' (FDRE) to 'hcalc_word_reg[76]'
INFO: [Synth 8-3886] merging instance 'hcalc_word_reg[76]' (FDRE) to 'hcalc_word_reg[77]'
INFO: [Synth 8-3886] merging instance 'hcalc_word_reg[77]' (FDRE) to 'hcalc_word_reg[78]'
INFO: [Synth 8-3886] merging instance 'hcalc_word_reg[78]' (FDRE) to 'hcalc_word_reg[79]'
INFO: [Synth 8-3886] merging instance 'hcalc_word_reg[79]' (FDRE) to 'hcalc_word_reg[80]'
INFO: [Synth 8-3886] merging instance 'hcalc_word_reg[80]' (FDRE) to 'hcalc_word_reg[81]'
INFO: [Synth 8-3886] merging instance 'hcalc_word_reg[81]' (FDRE) to 'hcalc_word_reg[82]'
INFO: [Synth 8-3886] merging instance 'hcalc_word_reg[82]' (FDRE) to 'hcalc_word_reg[83]'
INFO: [Synth 8-3886] merging instance 'hcalc_word_reg[83]' (FDRE) to 'hcalc_word_reg[84]'
INFO: [Synth 8-3886] merging instance 'hcalc_word_reg[84]' (FDRE) to 'hcalc_word_reg[85]'
INFO: [Synth 8-3886] merging instance 'hcalc_word_reg[85]' (FDRE) to 'hcalc_word_reg[86]'
INFO: [Synth 8-3886] merging instance 'hcalc_word_reg[86]' (FDRE) to 'hcalc_word_reg[87]'
INFO: [Synth 8-3886] merging instance 'hcalc_word_reg[87]' (FDRE) to 'hcalc_word_reg[88]'
INFO: [Synth 8-3886] merging instance 'hcalc_word_reg[88]' (FDRE) to 'hcalc_word_reg[89]'
INFO: [Synth 8-3886] merging instance 'hcalc_word_reg[89]' (FDRE) to 'hcalc_word_reg[90]'
INFO: [Synth 8-3886] merging instance 'hcalc_word_reg[90]' (FDRE) to 'hcalc_word_reg[91]'
INFO: [Synth 8-3886] merging instance 'hcalc_word_reg[91]' (FDRE) to 'hcalc_word_reg[92]'
INFO: [Synth 8-3886] merging instance 'hcalc_word_reg[92]' (FDRE) to 'hcalc_word_reg[93]'
INFO: [Synth 8-3886] merging instance 'hcalc_word_reg[93]' (FDRE) to 'hcalc_word_reg[94]'
INFO: [Common 17-14] Message 'Synth 8-3886' appears 100 times and further instances of the messages will be disabled. Use the Tcl command set_msg_config to change the current settings.
INFO: [Common 17-14] Message 'Synth 8-3886' appears 100 times and further instances of the messages will be disabled. Use the Tcl command set_msg_config to change the current settings.
INFO: [Synth 8-3333] propagating constant 0 across sequential element (\hcalc_word_reg[127] )
INFO: [Synth 8-3333] propagating constant 1 across sequential element (\status_only_code_reg[7] )
INFO: [Synth 8-3333] propagating constant 0 across sequential element (\frame_load_type_reg[3] )
INFO: [Synth 8-3333] propagating constant 0 across sequential element (\eng_next_state_reg[3] )
INFO: [Synth 8-3333] propagating constant 0 across sequential element (\frame_type_reg[3] )
---------------------------------------------------------------------------------
Finished Cross Boundary and Area Optimization : Time (s): cpu = 00:00:58 ; elapsed = 00:01:27 . Memory (MB): peak = 1380.074 ; gain = 270.203
---------------------------------------------------------------------------------
---------------------------------------------------------------------------------
Start Applying XDC Timing Constraints
---------------------------------------------------------------------------------
---------------------------------------------------------------------------------
Finished Applying XDC Timing Constraints : Time (s): cpu = 00:01:04 ; elapsed = 00:01:34 . Memory (MB): peak = 1380.074 ; gain = 270.203
---------------------------------------------------------------------------------
---------------------------------------------------------------------------------
Start Timing Optimization
---------------------------------------------------------------------------------
---------------------------------------------------------------------------------
Finished Timing Optimization : Time (s): cpu = 00:01:12 ; elapsed = 00:01:41 . Memory (MB): peak = 1380.074 ; gain = 270.203
---------------------------------------------------------------------------------
---------------------------------------------------------------------------------
Start Technology Mapping
---------------------------------------------------------------------------------
INFO: [Synth 8-7052] The timing for the instance u_core/u_hcalc/g5/rc1/w4_4/c_reg (implemented as a Block RAM) might be sub-optimal as no optional output register could be merged into the ram block. Providing additional output register may help in improving timing.
INFO: [Synth 8-7052] The timing for the instance u_core/u_hcalc/g5/rc1/w4_4/c_reg (implemented as a Block RAM) might be sub-optimal as no optional output register could be merged into the ram block. Providing additional output register may help in improving timing.
INFO: [Synth 8-7052] The timing for the instance u_core/u_hcalc/g5/rc1/w4_2/c_reg (implemented as a Block RAM) might be sub-optimal as no optional output register could be merged into the ram block. Providing additional output register may help in improving timing.
INFO: [Synth 8-7052] The timing for the instance u_core/u_hcalc/g5/rc1/w4_2/c_reg (implemented as a Block RAM) might be sub-optimal as no optional output register could be merged into the ram block. Providing additional output register may help in improving timing.
INFO: [Synth 8-7052] The timing for the instance u_core/u_hcalc/g5/rc1/w8_4/c_reg (implemented as a Block RAM) might be sub-optimal as no optional output register could be merged into the ram block. Providing additional output register may help in improving timing.
INFO: [Synth 8-7052] The timing for the instance u_core/u_hcalc/g5/rc1/w8_4/c_reg (implemented as a Block RAM) might be sub-optimal as no optional output register could be merged into the ram block. Providing additional output register may help in improving timing.
INFO: [Synth 8-7052] The timing for the instance u_core/u_hcalc/g5/rc1/w8_2/c_reg (implemented as a Block RAM) might be sub-optimal as no optional output register could be merged into the ram block. Providing additional output register may help in improving timing.
INFO: [Synth 8-7052] The timing for the instance u_core/u_hcalc/g5/rc1/w8_2/c_reg (implemented as a Block RAM) might be sub-optimal as no optional output register could be merged into the ram block. Providing additional output register may help in improving timing.
INFO: [Synth 8-7052] The timing for the instance u_core/u_hcalc/g5/rc2/w4_4/c_reg (implemented as a Block RAM) might be sub-optimal as no optional output register could be merged into the ram block. Providing additional output register may help in improving timing.
INFO: [Synth 8-7052] The timing for the instance u_core/u_hcalc/g5/rc2/w4_4/c_reg (implemented as a Block RAM) might be sub-optimal as no optional output register could be merged into the ram block. Providing additional output register may help in improving timing.
INFO: [Synth 8-7052] The timing for the instance u_core/u_hcalc/g5/rc2/w4_2/c_reg (implemented as a Block RAM) might be sub-optimal as no optional output register could be merged into the ram block. Providing additional output register may help in improving timing.
INFO: [Synth 8-7052] The timing for the instance u_core/u_hcalc/g5/rc2/w4_2/c_reg (implemented as a Block RAM) might be sub-optimal as no optional output register could be merged into the ram block. Providing additional output register may help in improving timing.
INFO: [Synth 8-7052] The timing for the instance u_core/u_hcalc/g5/rc2/w8_4/c_reg (implemented as a Block RAM) might be sub-optimal as no optional output register could be merged into the ram block. Providing additional output register may help in improving timing.
INFO: [Synth 8-7052] The timing for the instance u_core/u_hcalc/g5/rc2/w8_4/c_reg (implemented as a Block RAM) might be sub-optimal as no optional output register could be merged into the ram block. Providing additional output register may help in improving timing.
INFO: [Synth 8-7052] The timing for the instance u_core/u_hcalc/g5/rc2/w8_2/c_reg (implemented as a Block RAM) might be sub-optimal as no optional output register could be merged into the ram block. Providing additional output register may help in improving timing.
INFO: [Synth 8-7052] The timing for the instance u_core/u_hcalc/g5/rc2/w8_2/c_reg (implemented as a Block RAM) might be sub-optimal as no optional output register could be merged into the ram block. Providing additional output register may help in improving timing.
INFO: [Synth 8-7052] The timing for the instance u_core/u_hcalc/g5/rc3/w4_4/c_reg (implemented as a Block RAM) might be sub-optimal as no optional output register could be merged into the ram block. Providing additional output register may help in improving timing.
INFO: [Synth 8-7052] The timing for the instance u_core/u_hcalc/g5/rc3/w4_4/c_reg (implemented as a Block RAM) might be sub-optimal as no optional output register could be merged into the ram block. Providing additional output register may help in improving timing.
INFO: [Synth 8-7052] The timing for the instance u_core/u_hcalc/g5/rc3/w4_2/c_reg (implemented as a Block RAM) might be sub-optimal as no optional output register could be merged into the ram block. Providing additional output register may help in improving timing.
INFO: [Synth 8-7052] The timing for the instance u_core/u_hcalc/g5/rc3/w4_2/c_reg (implemented as a Block RAM) might be sub-optimal as no optional output register could be merged into the ram block. Providing additional output register may help in improving timing.
INFO: [Synth 8-7052] The timing for the instance u_core/u_hcalc/g5/rc3/w8_4/c_reg (implemented as a Block RAM) might be sub-optimal as no optional output register could be merged into the ram block. Providing additional output register may help in improving timing.
INFO: [Synth 8-7052] The timing for the instance u_core/u_hcalc/g5/rc3/w8_4/c_reg (implemented as a Block RAM) might be sub-optimal as no optional output register could be merged into the ram block. Providing additional output register may help in improving timing.
INFO: [Synth 8-7052] The timing for the instance u_core/u_hcalc/g5/rc3/w8_2/c_reg (implemented as a Block RAM) might be sub-optimal as no optional output register could be merged into the ram block. Providing additional output register may help in improving timing.
INFO: [Synth 8-7052] The timing for the instance u_core/u_hcalc/g5/rc3/w8_2/c_reg (implemented as a Block RAM) might be sub-optimal as no optional output register could be merged into the ram block. Providing additional output register may help in improving timing.
INFO: [Synth 8-7052] The timing for the instance u_core/u_hcalc/g5/rc4/w4_4/c_reg (implemented as a Block RAM) might be sub-optimal as no optional output register could be merged into the ram block. Providing additional output register may help in improving timing.
INFO: [Synth 8-7052] The timing for the instance u_core/u_hcalc/g5/rc4/w4_4/c_reg (implemented as a Block RAM) might be sub-optimal as no optional output register could be merged into the ram block. Providing additional output register may help in improving timing.
INFO: [Synth 8-7052] The timing for the instance u_core/u_hcalc/g5/rc4/w4_2/c_reg (implemented as a Block RAM) might be sub-optimal as no optional output register could be merged into the ram block. Providing additional output register may help in improving timing.
INFO: [Synth 8-7052] The timing for the instance u_core/u_hcalc/g5/rc4/w4_2/c_reg (implemented as a Block RAM) might be sub-optimal as no optional output register could be merged into the ram block. Providing additional output register may help in improving timing.
INFO: [Synth 8-7052] The timing for the instance u_core/u_hcalc/g5/rc4/w8_4/c_reg (implemented as a Block RAM) might be sub-optimal as no optional output register could be merged into the ram block. Providing additional output register may help in improving timing.
INFO: [Synth 8-7052] The timing for the instance u_core/u_hcalc/g5/rc4/w8_4/c_reg (implemented as a Block RAM) might be sub-optimal as no optional output register could be merged into the ram block. Providing additional output register may help in improving timing.
INFO: [Synth 8-7052] The timing for the instance u_core/u_hcalc/g5/rc4/w8_2/c_reg (implemented as a Block RAM) might be sub-optimal as no optional output register could be merged into the ram block. Providing additional output register may help in improving timing.
INFO: [Synth 8-7052] The timing for the instance u_core/u_hcalc/g5/rc4/w8_2/c_reg (implemented as a Block RAM) might be sub-optimal as no optional output register could be merged into the ram block. Providing additional output register may help in improving timing.
INFO: [Synth 8-7052] The timing for the instance u_core/u_hcalc/g5/rc5/w4_4/c_reg (implemented as a Block RAM) might be sub-optimal as no optional output register could be merged into the ram block. Providing additional output register may help in improving timing.
INFO: [Synth 8-7052] The timing for the instance u_core/u_hcalc/g5/rc5/w4_4/c_reg (implemented as a Block RAM) might be sub-optimal as no optional output register could be merged into the ram block. Providing additional output register may help in improving timing.
INFO: [Synth 8-7052] The timing for the instance u_core/u_hcalc/g5/rc5/w4_2/c_reg (implemented as a Block RAM) might be sub-optimal as no optional output register could be merged into the ram block. Providing additional output register may help in improving timing.
INFO: [Synth 8-7052] The timing for the instance u_core/u_hcalc/g5/rc5/w4_2/c_reg (implemented as a Block RAM) might be sub-optimal as no optional output register could be merged into the ram block. Providing additional output register may help in improving timing.
INFO: [Synth 8-7052] The timing for the instance u_core/u_hcalc/g5/rc5/w8_4/c_reg (implemented as a Block RAM) might be sub-optimal as no optional output register could be merged into the ram block. Providing additional output register may help in improving timing.
INFO: [Synth 8-7052] The timing for the instance u_core/u_hcalc/g5/rc5/w8_4/c_reg (implemented as a Block RAM) might be sub-optimal as no optional output register could be merged into the ram block. Providing additional output register may help in improving timing.
INFO: [Synth 8-7052] The timing for the instance u_core/u_hcalc/g5/rc5/w8_2/c_reg (implemented as a Block RAM) might be sub-optimal as no optional output register could be merged into the ram block. Providing additional output register may help in improving timing.
INFO: [Synth 8-7052] The timing for the instance u_core/u_hcalc/g5/rc5/w8_2/c_reg (implemented as a Block RAM) might be sub-optimal as no optional output register could be merged into the ram block. Providing additional output register may help in improving timing.
INFO: [Synth 8-7052] The timing for the instance u_core/u_hcalc/g5/rc6/w4_4/c_reg (implemented as a Block RAM) might be sub-optimal as no optional output register could be merged into the ram block. Providing additional output register may help in improving timing.
INFO: [Synth 8-7052] The timing for the instance u_core/u_hcalc/g5/rc6/w4_4/c_reg (implemented as a Block RAM) might be sub-optimal as no optional output register could be merged into the ram block. Providing additional output register may help in improving timing.
INFO: [Synth 8-7052] The timing for the instance u_core/u_hcalc/g5/rc6/w4_2/c_reg (implemented as a Block RAM) might be sub-optimal as no optional output register could be merged into the ram block. Providing additional output register may help in improving timing.
INFO: [Synth 8-7052] The timing for the instance u_core/u_hcalc/g5/rc6/w4_2/c_reg (implemented as a Block RAM) might be sub-optimal as no optional output register could be merged into the ram block. Providing additional output register may help in improving timing.
INFO: [Synth 8-7052] The timing for the instance u_core/u_hcalc/g5/rc6/w8_4/c_reg (implemented as a Block RAM) might be sub-optimal as no optional output register could be merged into the ram block. Providing additional output register may help in improving timing.
INFO: [Synth 8-7052] The timing for the instance u_core/u_hcalc/g5/rc6/w8_4/c_reg (implemented as a Block RAM) might be sub-optimal as no optional output register could be merged into the ram block. Providing additional output register may help in improving timing.
INFO: [Synth 8-7052] The timing for the instance u_core/u_hcalc/g5/rc6/w8_2/c_reg (implemented as a Block RAM) might be sub-optimal as no optional output register could be merged into the ram block. Providing additional output register may help in improving timing.
INFO: [Synth 8-7052] The timing for the instance u_core/u_hcalc/g5/rc6/w8_2/c_reg (implemented as a Block RAM) might be sub-optimal as no optional output register could be merged into the ram block. Providing additional output register may help in improving timing.
INFO: [Synth 8-7052] The timing for the instance u_core/u_hcalc/g5/rc7/w8_4/c_reg (implemented as a Block RAM) might be sub-optimal as no optional output register could be merged into the ram block. Providing additional output register may help in improving timing.
INFO: [Synth 8-7052] The timing for the instance u_core/u_hcalc/g5/rc7/w8_4/c_reg (implemented as a Block RAM) might be sub-optimal as no optional output register could be merged into the ram block. Providing additional output register may help in improving timing.
INFO: [Synth 8-7052] The timing for the instance u_core/u_hcalc/g5/rc7/w8_2/c_reg (implemented as a Block RAM) might be sub-optimal as no optional output register could be merged into the ram block. Providing additional output register may help in improving timing.
INFO: [Synth 8-7052] The timing for the instance u_core/u_hcalc/g5/rc7/w8_2/c_reg (implemented as a Block RAM) might be sub-optimal as no optional output register could be merged into the ram block. Providing additional output register may help in improving timing.
INFO: [Synth 8-7052] The timing for the instance u_core/u_data_ctr/g0/g5/rc1/w4_4/c_reg (implemented as a Block RAM) might be sub-optimal as no optional output register could be merged into the ram block. Providing additional output register may help in improving timing.
INFO: [Synth 8-7052] The timing for the instance u_core/u_data_ctr/g0/g5/rc1/w4_4/c_reg (implemented as a Block RAM) might be sub-optimal as no optional output register could be merged into the ram block. Providing additional output register may help in improving timing.
INFO: [Synth 8-7052] The timing for the instance u_core/u_data_ctr/g0/g5/rc1/w4_2/c_reg (implemented as a Block RAM) might be sub-optimal as no optional output register could be merged into the ram block. Providing additional output register may help in improving timing.
INFO: [Synth 8-7052] The timing for the instance u_core/u_data_ctr/g0/g5/rc1/w4_2/c_reg (implemented as a Block RAM) might be sub-optimal as no optional output register could be merged into the ram block. Providing additional output register may help in improving timing.
INFO: [Synth 8-7052] The timing for the instance u_core/u_data_ctr/g0/g5/rc1/w8_4/c_reg (implemented as a Block RAM) might be sub-optimal as no optional output register could be merged into the ram block. Providing additional output register may help in improving timing.
INFO: [Synth 8-7052] The timing for the instance u_core/u_data_ctr/g0/g5/rc1/w8_4/c_reg (implemented as a Block RAM) might be sub-optimal as no optional output register could be merged into the ram block. Providing additional output register may help in improving timing.
INFO: [Synth 8-7052] The timing for the instance u_core/u_data_ctr/g0/g5/rc1/w8_2/c_reg (implemented as a Block RAM) might be sub-optimal as no optional output register could be merged into the ram block. Providing additional output register may help in improving timing.
INFO: [Synth 8-7052] The timing for the instance u_core/u_data_ctr/g0/g5/rc1/w8_2/c_reg (implemented as a Block RAM) might be sub-optimal as no optional output register could be merged into the ram block. Providing additional output register may help in improving timing.
INFO: [Synth 8-7052] The timing for the instance u_core/u_data_ctr/g0/g5/rc2/w4_4/c_reg (implemented as a Block RAM) might be sub-optimal as no optional output register could be merged into the ram block. Providing additional output register may help in improving timing.
INFO: [Synth 8-7052] The timing for the instance u_core/u_data_ctr/g0/g5/rc2/w4_4/c_reg (implemented as a Block RAM) might be sub-optimal as no optional output register could be merged into the ram block. Providing additional output register may help in improving timing.
INFO: [Synth 8-7052] The timing for the instance u_core/u_data_ctr/g0/g5/rc2/w4_2/c_reg (implemented as a Block RAM) might be sub-optimal as no optional output register could be merged into the ram block. Providing additional output register may help in improving timing.
INFO: [Synth 8-7052] The timing for the instance u_core/u_data_ctr/g0/g5/rc2/w4_2/c_reg (implemented as a Block RAM) might be sub-optimal as no optional output register could be merged into the ram block. Providing additional output register may help in improving timing.
INFO: [Synth 8-7052] The timing for the instance u_core/u_data_ctr/g0/g5/rc2/w8_4/c_reg (implemented as a Block RAM) might be sub-optimal as no optional output register could be merged into the ram block. Providing additional output register may help in improving timing.
INFO: [Synth 8-7052] The timing for the instance u_core/u_data_ctr/g0/g5/rc2/w8_4/c_reg (implemented as a Block RAM) might be sub-optimal as no optional output register could be merged into the ram block. Providing additional output register may help in improving timing.
INFO: [Synth 8-7052] The timing for the instance u_core/u_data_ctr/g0/g5/rc2/w8_2/c_reg (implemented as a Block RAM) might be sub-optimal as no optional output register could be merged into the ram block. Providing additional output register may help in improving timing.
INFO: [Synth 8-7052] The timing for the instance u_core/u_data_ctr/g0/g5/rc2/w8_2/c_reg (implemented as a Block RAM) might be sub-optimal as no optional output register could be merged into the ram block. Providing additional output register may help in improving timing.
INFO: [Synth 8-7052] The timing for the instance u_core/u_data_ctr/g0/g5/rc3/w4_4/c_reg (implemented as a Block RAM) might be sub-optimal as no optional output register could be merged into the ram block. Providing additional output register may help in improving timing.
INFO: [Synth 8-7052] The timing for the instance u_core/u_data_ctr/g0/g5/rc3/w4_4/c_reg (implemented as a Block RAM) might be sub-optimal as no optional output register could be merged into the ram block. Providing additional output register may help in improving timing.
INFO: [Synth 8-7052] The timing for the instance u_core/u_data_ctr/g0/g5/rc3/w4_2/c_reg (implemented as a Block RAM) might be sub-optimal as no optional output register could be merged into the ram block. Providing additional output register may help in improving timing.
INFO: [Synth 8-7052] The timing for the instance u_core/u_data_ctr/g0/g5/rc3/w4_2/c_reg (implemented as a Block RAM) might be sub-optimal as no optional output register could be merged into the ram block. Providing additional output register may help in improving timing.
INFO: [Synth 8-7052] The timing for the instance u_core/u_data_ctr/g0/g5/rc3/w8_4/c_reg (implemented as a Block RAM) might be sub-optimal as no optional output register could be merged into the ram block. Providing additional output register may help in improving timing.
INFO: [Synth 8-7052] The timing for the instance u_core/u_data_ctr/g0/g5/rc3/w8_4/c_reg (implemented as a Block RAM) might be sub-optimal as no optional output register could be merged into the ram block. Providing additional output register may help in improving timing.
INFO: [Synth 8-7052] The timing for the instance u_core/u_data_ctr/g0/g5/rc3/w8_2/c_reg (implemented as a Block RAM) might be sub-optimal as no optional output register could be merged into the ram block. Providing additional output register may help in improving timing.
INFO: [Synth 8-7052] The timing for the instance u_core/u_data_ctr/g0/g5/rc3/w8_2/c_reg (implemented as a Block RAM) might be sub-optimal as no optional output register could be merged into the ram block. Providing additional output register may help in improving timing.
INFO: [Synth 8-7052] The timing for the instance u_core/u_data_ctr/g0/g5/rc4/w4_4/c_reg (implemented as a Block RAM) might be sub-optimal as no optional output register could be merged into the ram block. Providing additional output register may help in improving timing.
INFO: [Synth 8-7052] The timing for the instance u_core/u_data_ctr/g0/g5/rc4/w4_4/c_reg (implemented as a Block RAM) might be sub-optimal as no optional output register could be merged into the ram block. Providing additional output register may help in improving timing.
INFO: [Synth 8-7052] The timing for the instance u_core/u_data_ctr/g0/g5/rc4/w4_2/c_reg (implemented as a Block RAM) might be sub-optimal as no optional output register could be merged into the ram block. Providing additional output register may help in improving timing.
INFO: [Synth 8-7052] The timing for the instance u_core/u_data_ctr/g0/g5/rc4/w4_2/c_reg (implemented as a Block RAM) might be sub-optimal as no optional output register could be merged into the ram block. Providing additional output register may help in improving timing.
INFO: [Synth 8-7052] The timing for the instance u_core/u_data_ctr/g0/g5/rc4/w8_4/c_reg (implemented as a Block RAM) might be sub-optimal as no optional output register could be merged into the ram block. Providing additional output register may help in improving timing.
INFO: [Synth 8-7052] The timing for the instance u_core/u_data_ctr/g0/g5/rc4/w8_4/c_reg (implemented as a Block RAM) might be sub-optimal as no optional output register could be merged into the ram block. Providing additional output register may help in improving timing.
INFO: [Synth 8-7052] The timing for the instance u_core/u_data_ctr/g0/g5/rc4/w8_2/c_reg (implemented as a Block RAM) might be sub-optimal as no optional output register could be merged into the ram block. Providing additional output register may help in improving timing.
INFO: [Synth 8-7052] The timing for the instance u_core/u_data_ctr/g0/g5/rc4/w8_2/c_reg (implemented as a Block RAM) might be sub-optimal as no optional output register could be merged into the ram block. Providing additional output register may help in improving timing.
INFO: [Synth 8-7052] The timing for the instance u_core/u_data_ctr/g0/g5/rc5/w4_4/c_reg (implemented as a Block RAM) might be sub-optimal as no optional output register could be merged into the ram block. Providing additional output register may help in improving timing.
INFO: [Synth 8-7052] The timing for the instance u_core/u_data_ctr/g0/g5/rc5/w4_4/c_reg (implemented as a Block RAM) might be sub-optimal as no optional output register could be merged into the ram block. Providing additional output register may help in improving timing.
INFO: [Synth 8-7052] The timing for the instance u_core/u_data_ctr/g0/g5/rc5/w4_2/c_reg (implemented as a Block RAM) might be sub-optimal as no optional output register could be merged into the ram block. Providing additional output register may help in improving timing.
INFO: [Synth 8-7052] The timing for the instance u_core/u_data_ctr/g0/g5/rc5/w4_2/c_reg (implemented as a Block RAM) might be sub-optimal as no optional output register could be merged into the ram block. Providing additional output register may help in improving timing.
INFO: [Synth 8-7052] The timing for the instance u_core/u_data_ctr/g0/g5/rc5/w8_4/c_reg (implemented as a Block RAM) might be sub-optimal as no optional output register could be merged into the ram block. Providing additional output register may help in improving timing.
INFO: [Synth 8-7052] The timing for the instance u_core/u_data_ctr/g0/g5/rc5/w8_4/c_reg (implemented as a Block RAM) might be sub-optimal as no optional output register could be merged into the ram block. Providing additional output register may help in improving timing.
INFO: [Synth 8-7052] The timing for the instance u_core/u_data_ctr/g0/g5/rc5/w8_2/c_reg (implemented as a Block RAM) might be sub-optimal as no optional output register could be merged into the ram block. Providing additional output register may help in improving timing.
INFO: [Synth 8-7052] The timing for the instance u_core/u_data_ctr/g0/g5/rc5/w8_2/c_reg (implemented as a Block RAM) might be sub-optimal as no optional output register could be merged into the ram block. Providing additional output register may help in improving timing.
INFO: [Synth 8-7052] The timing for the instance u_core/u_data_ctr/g0/g5/rc6/w4_4/c_reg (implemented as a Block RAM) might be sub-optimal as no optional output register could be merged into the ram block. Providing additional output register may help in improving timing.
INFO: [Synth 8-7052] The timing for the instance u_core/u_data_ctr/g0/g5/rc6/w4_4/c_reg (implemented as a Block RAM) might be sub-optimal as no optional output register could be merged into the ram block. Providing additional output register may help in improving timing.
INFO: [Synth 8-7052] The timing for the instance u_core/u_data_ctr/g0/g5/rc6/w4_2/c_reg (implemented as a Block RAM) might be sub-optimal as no optional output register could be merged into the ram block. Providing additional output register may help in improving timing.
INFO: [Synth 8-7052] The timing for the instance u_core/u_data_ctr/g0/g5/rc6/w4_2/c_reg (implemented as a Block RAM) might be sub-optimal as no optional output register could be merged into the ram block. Providing additional output register may help in improving timing.
INFO: [Synth 8-7052] The timing for the instance u_core/u_data_ctr/g0/g5/rc6/w8_4/c_reg (implemented as a Block RAM) might be sub-optimal as no optional output register could be merged into the ram block. Providing additional output register may help in improving timing.
INFO: [Synth 8-7052] The timing for the instance u_core/u_data_ctr/g0/g5/rc6/w8_4/c_reg (implemented as a Block RAM) might be sub-optimal as no optional output register could be merged into the ram block. Providing additional output register may help in improving timing.
INFO: [Synth 8-7052] The timing for the instance u_core/u_data_ctr/g0/g5/rc6/w8_2/c_reg (implemented as a Block RAM) might be sub-optimal as no optional output register could be merged into the ram block. Providing additional output register may help in improving timing.
INFO: [Synth 8-7052] The timing for the instance u_core/u_data_ctr/g0/g5/rc6/w8_2/c_reg (implemented as a Block RAM) might be sub-optimal as no optional output register could be merged into the ram block. Providing additional output register may help in improving timing.
INFO: [Common 17-14] Message 'Synth 8-7052' appears 100 times and further instances of the messages will be disabled. Use the Tcl command set_msg_config to change the current settings.
---------------------------------------------------------------------------------
Finished Technology Mapping : Time (s): cpu = 00:01:24 ; elapsed = 00:02:00 . Memory (MB): peak = 1380.074 ; gain = 270.203
---------------------------------------------------------------------------------
---------------------------------------------------------------------------------
Start IO Insertion
---------------------------------------------------------------------------------
---------------------------------------------------------------------------------
Start Flattening Before IO Insertion
---------------------------------------------------------------------------------
---------------------------------------------------------------------------------
Finished Flattening Before IO Insertion
---------------------------------------------------------------------------------
---------------------------------------------------------------------------------
Start Final Netlist Cleanup
---------------------------------------------------------------------------------
---------------------------------------------------------------------------------
Finished Final Netlist Cleanup
---------------------------------------------------------------------------------
---------------------------------------------------------------------------------
Finished IO Insertion : Time (s): cpu = 00:01:33 ; elapsed = 00:02:09 . Memory (MB): peak = 1380.074 ; gain = 270.203
---------------------------------------------------------------------------------
---------------------------------------------------------------------------------
Start Renaming Generated Instances
---------------------------------------------------------------------------------
---------------------------------------------------------------------------------
Finished Renaming Generated Instances : Time (s): cpu = 00:01:34 ; elapsed = 00:02:09 . Memory (MB): peak = 1380.074 ; gain = 270.203
---------------------------------------------------------------------------------
---------------------------------------------------------------------------------
Start Rebuilding User Hierarchy
---------------------------------------------------------------------------------
---------------------------------------------------------------------------------
Finished Rebuilding User Hierarchy : Time (s): cpu = 00:01:38 ; elapsed = 00:02:14 . Memory (MB): peak = 1380.074 ; gain = 270.203
---------------------------------------------------------------------------------
---------------------------------------------------------------------------------
Start Renaming Generated Ports
---------------------------------------------------------------------------------
---------------------------------------------------------------------------------
Finished Renaming Generated Ports : Time (s): cpu = 00:01:39 ; elapsed = 00:02:15 . Memory (MB): peak = 1380.074 ; gain = 270.203
---------------------------------------------------------------------------------
---------------------------------------------------------------------------------
Start Handling Custom Attributes
---------------------------------------------------------------------------------
---------------------------------------------------------------------------------
Finished Handling Custom Attributes : Time (s): cpu = 00:01:41 ; elapsed = 00:02:17 . Memory (MB): peak = 1380.074 ; gain = 270.203
---------------------------------------------------------------------------------
---------------------------------------------------------------------------------
Start Renaming Generated Nets
---------------------------------------------------------------------------------
---------------------------------------------------------------------------------
Finished Renaming Generated Nets : Time (s): cpu = 00:01:41 ; elapsed = 00:02:17 . Memory (MB): peak = 1380.074 ; gain = 270.203
---------------------------------------------------------------------------------
---------------------------------------------------------------------------------
Start Writing Synthesis Report
---------------------------------------------------------------------------------

Report BlackBoxes: 
+-+--------------+----------+
| |BlackBox name |Instances |
+-+--------------+----------+
+-+--------------+----------+

Report Cell Usage: 
+------+------------+------+
|      |Cell        |Count |
+------+------------+------+
|1     |BUFG        |     2|
|2     |CARRY4      |   204|
|3     |LUT1        |    66|
|4     |LUT2        |  7265|
|5     |LUT3        |  3378|
|6     |LUT4        |  3996|
|7     |LUT5        |  5862|
|8     |LUT6        | 12614|
|9     |MMCME2_BASE |     1|
|10    |MUXF7       |  2226|
|11    |MUXF8       |   760|
|12    |RAMB18E1    |   105|
|15    |FDRE        | 21960|
|16    |FDSE        |    10|
|17    |IBUF        |     3|
|18    |OBUF        |     5|
+------+------------+------+
---------------------------------------------------------------------------------
Finished Writing Synthesis Report : Time (s): cpu = 00:01:41 ; elapsed = 00:02:17 . Memory (MB): peak = 1380.074 ; gain = 270.203
---------------------------------------------------------------------------------
Synthesis finished with 0 errors, 0 critical warnings and 0 warnings.
Synthesis Optimization Runtime : Time (s): cpu = 00:01:24 ; elapsed = 00:02:09 . Memory (MB): peak = 1380.074 ; gain = 0.000
Synthesis Optimization Complete : Time (s): cpu = 00:01:41 ; elapsed = 00:02:18 . Memory (MB): peak = 1380.074 ; gain = 270.203
INFO: [Project 1-571] Translating synthesized netlist
Netlist sorting complete. Time (s): cpu = 00:00:00 ; elapsed = 00:00:00.447 . Memory (MB): peak = 1380.074 ; gain = 0.000
INFO: [Netlist 29-17] Analyzing 3296 Unisim elements for replacement
INFO: [Netlist 29-28] Unisim Transformation completed in 1 CPU seconds
INFO: [Project 1-570] Preparing netlist for logic optimization
Parsing XDC File [C:/project/FPGA2/arty_a7_100t_uart.xdc]
Finished Parsing XDC File [C:/project/FPGA2/arty_a7_100t_uart.xdc]
INFO: [Opt 31-138] Pushed 0 inverter(s) to 0 load pin(s).
Netlist sorting complete. Time (s): cpu = 00:00:00 ; elapsed = 00:00:00.009 . Memory (MB): peak = 1437.922 ; gain = 0.000
INFO: [Project 1-111] Unisim Transformation Summary:
  A total of 1 instances were transformed.
  MMCME2_BASE => MMCME2_ADV: 1 instance 

Synth Design complete, checksum: 7a13e9b4
INFO: [Common 17-83] Releasing license: Synthesis
283 Infos, 2 Warnings, 0 Critical Warnings and 0 Errors encountered.
synth_design completed successfully
synth_design: Time (s): cpu = 00:01:53 ; elapsed = 00:02:50 . Memory (MB): peak = 1437.922 ; gain = 328.051
# opt_design
Command: opt_design
Attempting to get a license for feature 'Implementation' and/or device 'xc7a100t'
INFO: [Common 17-349] Got license for feature 'Implementation' and/or device 'xc7a100t'
Running DRC as a precondition to command opt_design

Starting DRC Task
INFO: [DRC 23-27] Running DRC with 2 threads
INFO: [Project 1-461] DRC finished with 0 Errors
INFO: [Project 1-462] Please refer to the DRC report (report_drc) for more information.

Time (s): cpu = 00:00:01 ; elapsed = 00:00:02 . Memory (MB): peak = 1437.922 ; gain = 0.000

Starting Cache Timing Information Task
INFO: [Timing 38-35] Done setting XDC timing constraints.
INFO: [Timing 38-2] Deriving generated clocks
Ending Cache Timing Information Task | Checksum: 1511f9652

Time (s): cpu = 00:00:04 ; elapsed = 00:00:03 . Memory (MB): peak = 1634.570 ; gain = 196.648

Starting Logic Optimization Task

Phase 1 Retarget
INFO: [Opt 31-138] Pushed 1 inverter(s) to 1 load pin(s).
INFO: [Opt 31-49] Retargeted 0 cell(s).
Phase 1 Retarget | Checksum: b0c59ca0

Time (s): cpu = 00:00:03 ; elapsed = 00:00:02 . Memory (MB): peak = 1837.727 ; gain = 0.172
INFO: [Opt 31-389] Phase Retarget created 0 cells and removed 50 cells

Phase 2 Constant propagation
INFO: [Opt 31-138] Pushed 0 inverter(s) to 0 load pin(s).
Phase 2 Constant propagation | Checksum: 7be07c0f

Time (s): cpu = 00:00:03 ; elapsed = 00:00:02 . Memory (MB): peak = 1837.727 ; gain = 0.172
INFO: [Opt 31-389] Phase Constant propagation created 0 cells and removed 0 cells

Phase 3 Sweep
Phase 3 Sweep | Checksum: af630cc6

Time (s): cpu = 00:00:04 ; elapsed = 00:00:03 . Memory (MB): peak = 1837.727 ; gain = 0.172
INFO: [Opt 31-389] Phase Sweep created 0 cells and removed 0 cells

Phase 4 BUFG optimization
Phase 4 BUFG optimization | Checksum: af630cc6

Time (s): cpu = 00:00:04 ; elapsed = 00:00:03 . Memory (MB): peak = 1837.727 ; gain = 0.172
INFO: [Opt 31-662] Phase BUFG optimization created 0 cells of which 0 are BUFGs and removed 0 cells.

Phase 5 Shift Register Optimization
INFO: [Opt 31-1064] SRL Remap converted 0 SRLs to 0 registers and converted 0 registers of register chains to 0 SRLs
Phase 5 Shift Register Optimization | Checksum: af630cc6

Time (s): cpu = 00:00:05 ; elapsed = 00:00:03 . Memory (MB): peak = 1837.727 ; gain = 0.172
INFO: [Opt 31-389] Phase Shift Register Optimization created 0 cells and removed 0 cells

Phase 6 Post Processing Netlist
Phase 6 Post Processing Netlist | Checksum: af630cc6

Time (s): cpu = 00:00:05 ; elapsed = 00:00:04 . Memory (MB): peak = 1837.727 ; gain = 0.172
INFO: [Opt 31-389] Phase Post Processing Netlist created 0 cells and removed 0 cells
Opt_design Change Summary
=========================


-------------------------------------------------------------------------------------------------------------------------
|  Phase                        |  #Cells created  |  #Cells Removed  |  #Constrained objects preventing optimizations  |
-------------------------------------------------------------------------------------------------------------------------
|  Retarget                     |               0  |              50  |                                              0  |
|  Constant propagation         |               0  |               0  |                                              0  |
|  Sweep                        |               0  |               0  |                                              0  |
|  BUFG optimization            |               0  |               0  |                                              0  |
|  Shift Register Optimization  |               0  |               0  |                                              0  |
|  Post Processing Netlist      |               0  |               0  |                                              0  |
-------------------------------------------------------------------------------------------------------------------------



Starting Connectivity Check Task

Time (s): cpu = 00:00:00 ; elapsed = 00:00:00.104 . Memory (MB): peak = 1837.727 ; gain = 0.000
Ending Logic Optimization Task | Checksum: 73a130a8

Time (s): cpu = 00:00:05 ; elapsed = 00:00:04 . Memory (MB): peak = 1837.727 ; gain = 0.172

Starting Power Optimization Task
INFO: [Pwropt 34-132] Skipping clock gating for clocks with a period < 2.00 ns.
INFO: [Timing 38-35] Done setting XDC timing constraints.
Running Vector-less Activity Propagation...
INFO: [Pwropt 34-9] Applying IDT optimizations ...
INFO: [Pwropt 34-10] Applying ODC optimizations ...

Finished Running Vector-less Activity Propagation


Starting PowerOpt Patch Enables Task
INFO: [Pwropt 34-162] WRITE_MODE attribute of 0 BRAM(s) out of a total of 105 has been updated to save power. Run report_power_opt to get a complete listing of the BRAMs updated.
INFO: [Pwropt 34-201] Structural ODC has moved 0 WE to EN ports
Number of BRAM Ports augmented: 0 newly gated: 0 Total Ports: 210
Ending PowerOpt Patch Enables Task | Checksum: 73a130a8

Time (s): cpu = 00:00:01 ; elapsed = 00:00:00.267 . Memory (MB): peak = 2024.320 ; gain = 0.000
Ending Power Optimization Task | Checksum: 73a130a8

Time (s): cpu = 00:00:19 ; elapsed = 00:00:09 . Memory (MB): peak = 2024.320 ; gain = 186.594

Starting Final Cleanup Task
Ending Final Cleanup Task | Checksum: 73a130a8

Time (s): cpu = 00:00:00 ; elapsed = 00:00:00 . Memory (MB): peak = 2024.320 ; gain = 0.000

Starting Netlist Obfuscation Task
Netlist sorting complete. Time (s): cpu = 00:00:00 ; elapsed = 00:00:00.010 . Memory (MB): peak = 2024.320 ; gain = 0.000
Ending Netlist Obfuscation Task | Checksum: 73a130a8

Time (s): cpu = 00:00:00 ; elapsed = 00:00:00.011 . Memory (MB): peak = 2024.320 ; gain = 0.000
INFO: [Common 17-83] Releasing license: Implementation
23 Infos, 0 Warnings, 0 Critical Warnings and 0 Errors encountered.
opt_design completed successfully
opt_design: Time (s): cpu = 00:00:30 ; elapsed = 00:00:20 . Memory (MB): peak = 2024.320 ; gain = 586.398
# place_design
Command: place_design
Attempting to get a license for feature 'Implementation' and/or device 'xc7a100t'
INFO: [Common 17-349] Got license for feature 'Implementation' and/or device 'xc7a100t'
INFO: [Timing 38-35] Done setting XDC timing constraints.
INFO: [DRC 23-27] Running DRC with 2 threads
INFO: [Vivado_Tcl 4-198] DRC finished with 0 Errors
INFO: [Vivado_Tcl 4-199] Please refer to the DRC report (report_drc) for more information.
Running DRC as a precondition to command place_design
INFO: [DRC 23-27] Running DRC with 2 threads
INFO: [Vivado_Tcl 4-198] DRC finished with 0 Errors
INFO: [Vivado_Tcl 4-199] Please refer to the DRC report (report_drc) for more information.

Starting Placer Task
INFO: [Place 30-611] Multithreading enabled for place_design using a maximum of 2 CPUs

Phase 1 Placer Initialization

Phase 1.1 Placer Initialization Netlist Sorting
Netlist sorting complete. Time (s): cpu = 00:00:00 ; elapsed = 00:00:00.017 . Memory (MB): peak = 2024.320 ; gain = 0.000
Phase 1.1 Placer Initialization Netlist Sorting | Checksum: 682bc201

Time (s): cpu = 00:00:00 ; elapsed = 00:00:00.056 . Memory (MB): peak = 2024.320 ; gain = 0.000
Netlist sorting complete. Time (s): cpu = 00:00:00 ; elapsed = 00:00:00.016 . Memory (MB): peak = 2024.320 ; gain = 0.000

Phase 1.2 IO Placement/ Clock Placement/ Build Placer Device
Phase 1.2 IO Placement/ Clock Placement/ Build Placer Device | Checksum: 16ad41989

Time (s): cpu = 00:00:03 ; elapsed = 00:00:03 . Memory (MB): peak = 2024.320 ; gain = 0.000

Phase 1.3 Build Placer Netlist Model
Phase 1.3 Build Placer Netlist Model | Checksum: 20875f9c2

Time (s): cpu = 00:00:13 ; elapsed = 00:00:09 . Memory (MB): peak = 2024.320 ; gain = 0.000

Phase 1.4 Constrain Clocks/Macros
Phase 1.4 Constrain Clocks/Macros | Checksum: 20875f9c2

Time (s): cpu = 00:00:13 ; elapsed = 00:00:09 . Memory (MB): peak = 2024.320 ; gain = 0.000
Phase 1 Placer Initialization | Checksum: 20875f9c2

Time (s): cpu = 00:00:13 ; elapsed = 00:00:09 . Memory (MB): peak = 2024.320 ; gain = 0.000

Phase 2 Global Placement

Phase 2.1 Floorplanning
Phase 2.1 Floorplanning | Checksum: 1ee40e922

Time (s): cpu = 00:00:17 ; elapsed = 00:00:12 . Memory (MB): peak = 2024.320 ; gain = 0.000

Phase 2.2 Update Timing before SLR Path Opt
Phase 2.2 Update Timing before SLR Path Opt | Checksum: 1a637f11d

Time (s): cpu = 00:00:19 ; elapsed = 00:00:13 . Memory (MB): peak = 2024.320 ; gain = 0.000

Phase 2.3 Post-Processing in Floorplanning
Phase 2.3 Post-Processing in Floorplanning | Checksum: 1a637f11d

Time (s): cpu = 00:00:20 ; elapsed = 00:00:13 . Memory (MB): peak = 2024.320 ; gain = 0.000

Phase 2.4 Global Placement Core

Phase 2.4.1 Physical Synthesis In Placer
INFO: [Physopt 32-1035] Found 0 LUTNM shape to break, 1774 LUT instances to create LUTNM shape
INFO: [Physopt 32-1044] Break lutnm for timing: one critical 0, two critical 0, total 0, new lutff created 0
INFO: [Physopt 32-1138] End 1 Pass. Optimized 702 nets or LUTs. Breaked 0 LUT, combined 702 existing LUTs and moved 0 existing LUT
INFO: [Physopt 32-65] No nets found for high-fanout optimization.
INFO: [Physopt 32-232] Optimized 0 net. Created 0 new instance.
INFO: [Physopt 32-775] End 1 Pass. Optimized 0 net or cell. Created 0 new cell, deleted 0 existing cell and moved 0 existing cell
INFO: [Physopt 32-670] No setup violation found.  DSP Register Optimization was not performed.
INFO: [Physopt 32-670] No setup violation found.  Shift Register to Pipeline Optimization was not performed.
INFO: [Physopt 32-670] No setup violation found.  Shift Register Optimization was not performed.
INFO: [Physopt 32-670] No setup violation found.  BRAM Register Optimization was not performed.
INFO: [Physopt 32-670] No setup violation found.  URAM Register Optimization was not performed.
INFO: [Physopt 32-949] No candidate nets found for dynamic/static region interface net replication
INFO: [Physopt 32-775] End 1 Pass. Optimized 0 net or cell. Created 0 new cell, deleted 0 existing cell and moved 0 existing cell
Netlist sorting complete. Time (s): cpu = 00:00:00 ; elapsed = 00:00:00.009 . Memory (MB): peak = 2024.320 ; gain = 0.000

Summary of Physical Synthesis Optimizations
============================================


-----------------------------------------------------------------------------------------------------------------------------------------------------------
|  Optimization                                     |  Added Cells  |  Removed Cells  |  Optimized Cells/Nets  |  Dont Touch  |  Iterations  |  Elapsed   |
-----------------------------------------------------------------------------------------------------------------------------------------------------------
|  LUT Combining                                    |            0  |            702  |                   702  |           0  |           1  |  00:00:01  |
|  Retime                                           |            0  |              0  |                     0  |           0  |           1  |  00:00:00  |
|  Very High Fanout                                 |            0  |              0  |                     0  |           0  |           1  |  00:00:00  |
|  DSP Register                                     |            0  |              0  |                     0  |           0  |           0  |  00:00:00  |
|  Shift Register to Pipeline                       |            0  |              0  |                     0  |           0  |           0  |  00:00:00  |
|  Shift Register                                   |            0  |              0  |                     0  |           0  |           0  |  00:00:00  |
|  BRAM Register                                    |            0  |              0  |                     0  |           0  |           0  |  00:00:00  |
|  URAM Register                                    |            0  |              0  |                     0  |           0  |           0  |  00:00:00  |
|  Dynamic/Static Region Interface Net Replication  |            0  |              0  |                     0  |           0  |           1  |  00:00:00  |
|  Total                                            |            0  |            702  |                   702  |           0  |           4  |  00:00:01  |
-----------------------------------------------------------------------------------------------------------------------------------------------------------


Phase 2.4.1 Physical Synthesis In Placer | Checksum: 17337ae20

Time (s): cpu = 00:01:03 ; elapsed = 00:00:39 . Memory (MB): peak = 2024.320 ; gain = 0.000
Phase 2.4 Global Placement Core | Checksum: 1cd3b1f36

Time (s): cpu = 00:01:05 ; elapsed = 00:00:40 . Memory (MB): peak = 2024.320 ; gain = 0.000
Phase 2 Global Placement | Checksum: 1cd3b1f36

Time (s): cpu = 00:01:05 ; elapsed = 00:00:40 . Memory (MB): peak = 2024.320 ; gain = 0.000

Phase 3 Detail Placement

Phase 3.1 Commit Multi Column Macros
Phase 3.1 Commit Multi Column Macros | Checksum: 1cff1048c

Time (s): cpu = 00:01:08 ; elapsed = 00:00:43 . Memory (MB): peak = 2024.320 ; gain = 0.000

Phase 3.2 Commit Most Macros & LUTRAMs
Phase 3.2 Commit Most Macros & LUTRAMs | Checksum: 1d4e794be

Time (s): cpu = 00:01:14 ; elapsed = 00:00:46 . Memory (MB): peak = 2024.320 ; gain = 0.000

Phase 3.3 Area Swap Optimization
Phase 3.3 Area Swap Optimization | Checksum: 2a7e1350d

Time (s): cpu = 00:01:15 ; elapsed = 00:00:47 . Memory (MB): peak = 2024.320 ; gain = 0.000

Phase 3.4 Pipeline Register Optimization
Phase 3.4 Pipeline Register Optimization | Checksum: 278b60a35

Time (s): cpu = 00:01:15 ; elapsed = 00:00:47 . Memory (MB): peak = 2024.320 ; gain = 0.000

Phase 3.5 Small Shape Detail Placement
Phase 3.5 Small Shape Detail Placement | Checksum: 1b3b06c1e

Time (s): cpu = 00:01:29 ; elapsed = 00:01:01 . Memory (MB): peak = 2024.320 ; gain = 0.000

Phase 3.6 Re-assign LUT pins
Phase 3.6 Re-assign LUT pins | Checksum: 1dc14ff8e

Time (s): cpu = 00:01:30 ; elapsed = 00:01:03 . Memory (MB): peak = 2024.320 ; gain = 0.000

Phase 3.7 Pipeline Register Optimization
Phase 3.7 Pipeline Register Optimization | Checksum: 175aab120

Time (s): cpu = 00:01:31 ; elapsed = 00:01:04 . Memory (MB): peak = 2024.320 ; gain = 0.000
Phase 3 Detail Placement | Checksum: 175aab120

Time (s): cpu = 00:01:31 ; elapsed = 00:01:04 . Memory (MB): peak = 2024.320 ; gain = 0.000

Phase 4 Post Placement Optimization and Clean-Up

Phase 4.1 Post Commit Optimization
INFO: [Timing 38-35] Done setting XDC timing constraints.

Phase 4.1.1 Post Placement Optimization
Post Placement Optimization Initialization | Checksum: 1b987d917

Phase 4.1.1.1 BUFG Insertion

Starting Physical Synthesis Task

Phase 1 Physical Synthesis Initialization
INFO: [Physopt 32-721] Multithreading enabled for phys_opt_design using a maximum of 2 CPUs
INFO: [Physopt 32-619] Estimated Timing Summary | WNS=7.514 | TNS=0.000 |
Phase 1 Physical Synthesis Initialization | Checksum: 15135d449

Time (s): cpu = 00:00:02 ; elapsed = 00:00:01 . Memory (MB): peak = 2024.320 ; gain = 0.000
INFO: [Place 46-33] Processed net u_core/u_tag_ctr/g0/g3/u_mmcm, BUFG insertion was skipped due to placement/routing conflicts.
INFO: [Place 46-33] Processed net u_uart_rx/sys_rst, BUFG insertion was skipped due to placement/routing conflicts.
INFO: [Place 46-33] Processed net u_core/u_aad_ct_in/clear_collectors_reg, BUFG insertion was skipped due to placement/routing conflicts.
INFO: [Place 46-33] Processed net frame_load_req_reg_n_0, BUFG insertion was skipped due to placement/routing conflicts.
INFO: [Place 46-33] Processed net u_uart_tx/send_tag_pending_reg[0], BUFG insertion was skipped due to placement/routing conflicts.
INFO: [Place 46-33] Processed net u_uart_tx/eng_state_reg[1]_rep__14_1[0], BUFG insertion was skipped due to placement/routing conflicts.
INFO: [Place 46-33] Processed net u_core/u_aad_ct_in/E[0], BUFG insertion was skipped due to placement/routing conflicts.
INFO: [Place 46-33] Processed net u_uart_rx/rx_cmd_reg[2]_2[0], BUFG insertion was skipped due to placement/routing conflicts.
INFO: [Place 46-33] Processed net u_uart_rx/rx_cmd_reg[2]_0[0], BUFG insertion was skipped due to placement/routing conflicts.
INFO: [Place 46-33] Processed net u_uart_rx/rx_cmd_reg[2]_1[0], BUFG insertion was skipped due to placement/routing conflicts.
INFO: [Place 46-33] Processed net u_core/u_aad_ct_in/aad_data_r, BUFG insertion was skipped due to placement/routing conflicts.
INFO: [Place 46-33] Processed net u_core/u_aad_ct_in/ct_data_r, BUFG insertion was skipped due to placement/routing conflicts.
INFO: [Place 46-33] Processed net u_core/u_aad_ct_in/pt_data_r, BUFG insertion was skipped due to placement/routing conflicts.
INFO: [Place 46-33] Processed net u_core/u_data_ctr/state_reg[0]_rep[0], BUFG insertion was skipped due to placement/routing conflicts.
INFO: [Place 46-33] Processed net u_core/u_iv_in/iv_data_r, BUFG insertion was skipped due to placement/routing conflicts.
INFO: [Place 46-33] Processed net u_uart_rx/rx_cmd_reg[2]_4[0], BUFG insertion was skipped due to placement/routing conflicts.
INFO: [Place 46-56] BUFG insertion identified 16 candidate nets. Inserted BUFG: 0, Replicated BUFG Driver: 0, Skipped due to Placement/Routing Conflicts: 16, Skipped due to Timing Degradation: 0, Skipped due to Illegal Netlist: 0.
Ending Physical Synthesis Task | Checksum: 115fef6ce

Time (s): cpu = 00:00:03 ; elapsed = 00:00:02 . Memory (MB): peak = 2024.320 ; gain = 0.000
Phase 4.1.1.1 BUFG Insertion | Checksum: 1b987d917

Time (s): cpu = 00:01:45 ; elapsed = 00:01:13 . Memory (MB): peak = 2024.320 ; gain = 0.000

Phase 4.1.1.2 Post Placement Timing Optimization
INFO: [Place 30-746] Post Placement Timing Summary WNS=7.514. For the most accurate timing information please run report_timing.
Phase 4.1.1.2 Post Placement Timing Optimization | Checksum: 1ffeab60a

Time (s): cpu = 00:01:45 ; elapsed = 00:01:13 . Memory (MB): peak = 2024.320 ; gain = 0.000

Time (s): cpu = 00:01:45 ; elapsed = 00:01:13 . Memory (MB): peak = 2024.320 ; gain = 0.000
Phase 4.1 Post Commit Optimization | Checksum: 1ffeab60a

Time (s): cpu = 00:01:45 ; elapsed = 00:01:14 . Memory (MB): peak = 2024.320 ; gain = 0.000

Phase 4.2 Post Placement Cleanup
Phase 4.2 Post Placement Cleanup | Checksum: 1ffeab60a

Time (s): cpu = 00:01:46 ; elapsed = 00:01:14 . Memory (MB): peak = 2024.320 ; gain = 0.000

Phase 4.3 Placer Reporting

Phase 4.3.1 Print Estimated Congestion
INFO: [Place 30-612] Post-Placement Estimated Congestion 
 ____________________________________________________
|           | Global Congestion | Short Congestion  |
| Direction | Region Size       | Region Size       |
|___________|___________________|___________________|
|      North|                1x1|                4x4|
|___________|___________________|___________________|
|      South|                1x1|                4x4|
|___________|___________________|___________________|
|       East|                4x4|                4x4|
|___________|___________________|___________________|
|       West|                1x1|                2x2|
|___________|___________________|___________________|

Phase 4.3.1 Print Estimated Congestion | Checksum: 1ffeab60a

Time (s): cpu = 00:01:46 ; elapsed = 00:01:14 . Memory (MB): peak = 2024.320 ; gain = 0.000
Phase 4.3 Placer Reporting | Checksum: 1ffeab60a

Time (s): cpu = 00:01:46 ; elapsed = 00:01:14 . Memory (MB): peak = 2024.320 ; gain = 0.000

Phase 4.4 Final Placement Cleanup
Netlist sorting complete. Time (s): cpu = 00:00:00 ; elapsed = 00:00:00.054 . Memory (MB): peak = 2024.320 ; gain = 0.000

Time (s): cpu = 00:01:46 ; elapsed = 00:01:15 . Memory (MB): peak = 2024.320 ; gain = 0.000
Phase 4 Post Placement Optimization and Clean-Up | Checksum: 2039bf9bf

Time (s): cpu = 00:01:46 ; elapsed = 00:01:15 . Memory (MB): peak = 2024.320 ; gain = 0.000
Ending Placer Task | Checksum: 10e3acbdc

Time (s): cpu = 00:01:46 ; elapsed = 00:01:15 . Memory (MB): peak = 2024.320 ; gain = 0.000
INFO: [Common 17-83] Releasing license: Implementation
45 Infos, 0 Warnings, 0 Critical Warnings and 0 Errors encountered.
place_design completed successfully
place_design: Time (s): cpu = 00:01:57 ; elapsed = 00:01:21 . Memory (MB): peak = 2024.320 ; gain = 0.000
# phys_opt_design
Command: phys_opt_design
Attempting to get a license for feature 'Implementation' and/or device 'xc7a100t'
INFO: [Common 17-349] Got license for feature 'Implementation' and/or device 'xc7a100t'
INFO: [Vivado_Tcl 4-383] Design worst setup slack (WNS) is greater than or equal to 0.000 ns. Skipping all physical synthesis optimizations.
INFO: [Vivado_Tcl 4-232] No setup violation found. The netlist was not modified.
INFO: [Common 17-83] Releasing license: Implementation
4 Infos, 0 Warnings, 0 Critical Warnings and 0 Errors encountered.
phys_opt_design completed successfully
phys_opt_design: Time (s): cpu = 00:00:09 ; elapsed = 00:00:05 . Memory (MB): peak = 2024.320 ; gain = 0.000
# route_design
Command: route_design
Attempting to get a license for feature 'Implementation' and/or device 'xc7a100t'
INFO: [Common 17-349] Got license for feature 'Implementation' and/or device 'xc7a100t'
Running DRC as a precondition to command route_design
INFO: [DRC 23-27] Running DRC with 2 threads
INFO: [Vivado_Tcl 4-198] DRC finished with 0 Errors
INFO: [Vivado_Tcl 4-199] Please refer to the DRC report (report_drc) for more information.


Starting Routing Task
INFO: [Route 35-254] Multithreading enabled for route_design using a maximum of 2 CPUs
Checksum: PlaceDB: 73c77375 ConstDB: 0 ShapeSum: 9a735867 RouteDB: 0

Phase 1 Build RT Design
Phase 1 Build RT Design | Checksum: 39427b49

Time (s): cpu = 00:00:28 ; elapsed = 00:00:18 . Memory (MB): peak = 2024.320 ; gain = 0.000
Post Restoration Checksum: NetGraph: 360dabd NumContArr: 35e1a08c Constraints: 0 Timing: 0

Phase 2 Router Initialization

Phase 2.1 Create Timer
Phase 2.1 Create Timer | Checksum: 39427b49

Time (s): cpu = 00:00:28 ; elapsed = 00:00:19 . Memory (MB): peak = 2024.320 ; gain = 0.000

Phase 2.2 Fix Topology Constraints
Phase 2.2 Fix Topology Constraints | Checksum: 39427b49

Time (s): cpu = 00:00:29 ; elapsed = 00:00:19 . Memory (MB): peak = 2024.320 ; gain = 0.000

Phase 2.3 Pre Route Cleanup
Phase 2.3 Pre Route Cleanup | Checksum: 39427b49

Time (s): cpu = 00:00:29 ; elapsed = 00:00:19 . Memory (MB): peak = 2024.320 ; gain = 0.000
 Number of Nodes with overlaps = 0

Phase 2.4 Update Timing
Phase 2.4 Update Timing | Checksum: 14728f5ed

Time (s): cpu = 00:00:46 ; elapsed = 00:00:31 . Memory (MB): peak = 2057.934 ; gain = 33.613
INFO: [Route 35-416] Intermediate Timing Summary | WNS=7.515  | TNS=0.000  | WHS=-0.163 | THS=-372.890|

Phase 2 Router Initialization | Checksum: 202107c25

Time (s): cpu = 00:00:54 ; elapsed = 00:00:36 . Memory (MB): peak = 2095.336 ; gain = 71.016

Router Utilization Summary
  Global Vertical Routing Utilization    = 0 %
  Global Horizontal Routing Utilization  = 0 %
  Routable Net Status*
  *Does not include unroutable nets such as driverless and loadless.
  Run report_route_status for detailed report.
  Number of Failed Nets               = 42477
    (Failed Nets is the sum of unrouted and partially routed nets)
  Number of Unrouted Nets             = 42477
  Number of Partially Routed Nets     = 0
  Number of Node Overlaps             = 0


Phase 3 Initial Routing

Phase 3.1 Global Routing
Phase 3.1 Global Routing | Checksum: 202107c25

Time (s): cpu = 00:00:54 ; elapsed = 00:00:36 . Memory (MB): peak = 2095.336 ; gain = 71.016
Phase 3 Initial Routing | Checksum: 1fc53178e

Time (s): cpu = 00:01:13 ; elapsed = 00:00:46 . Memory (MB): peak = 2126.965 ; gain = 102.645

Phase 4 Rip-up And Reroute

Phase 4.1 Global Iteration 0
 Number of Nodes with overlaps = 6906
 Number of Nodes with overlaps = 248
 Number of Nodes with overlaps = 5
 Number of Nodes with overlaps = 1
 Number of Nodes with overlaps = 0
INFO: [Route 35-416] Intermediate Timing Summary | WNS=7.377  | TNS=0.000  | WHS=N/A    | THS=N/A    |

Phase 4.1 Global Iteration 0 | Checksum: e3313e95

Time (s): cpu = 00:01:48 ; elapsed = 00:01:12 . Memory (MB): peak = 2126.965 ; gain = 102.645

Phase 4.2 Global Iteration 1
 Number of Nodes with overlaps = 13
 Number of Nodes with overlaps = 0
INFO: [Route 35-416] Intermediate Timing Summary | WNS=7.377  | TNS=0.000  | WHS=N/A    | THS=N/A    |

Phase 4.2 Global Iteration 1 | Checksum: 10bdbcb95

Time (s): cpu = 00:01:50 ; elapsed = 00:01:14 . Memory (MB): peak = 2126.965 ; gain = 102.645
Phase 4 Rip-up And Reroute | Checksum: 10bdbcb95

Time (s): cpu = 00:01:50 ; elapsed = 00:01:14 . Memory (MB): peak = 2126.965 ; gain = 102.645

Phase 5 Delay and Skew Optimization

Phase 5.1 Delay CleanUp
Phase 5.1 Delay CleanUp | Checksum: 10bdbcb95

Time (s): cpu = 00:01:50 ; elapsed = 00:01:14 . Memory (MB): peak = 2126.965 ; gain = 102.645

Phase 5.2 Clock Skew Optimization
Phase 5.2 Clock Skew Optimization | Checksum: 10bdbcb95

Time (s): cpu = 00:01:50 ; elapsed = 00:01:14 . Memory (MB): peak = 2126.965 ; gain = 102.645
Phase 5 Delay and Skew Optimization | Checksum: 10bdbcb95

Time (s): cpu = 00:01:50 ; elapsed = 00:01:14 . Memory (MB): peak = 2126.965 ; gain = 102.645

Phase 6 Post Hold Fix

Phase 6.1 Hold Fix Iter

Phase 6.1.1 Update Timing
Phase 6.1.1 Update Timing | Checksum: 80eb5b8c

Time (s): cpu = 00:01:54 ; elapsed = 00:01:17 . Memory (MB): peak = 2126.965 ; gain = 102.645
INFO: [Route 35-416] Intermediate Timing Summary | WNS=7.377  | TNS=0.000  | WHS=0.015  | THS=0.000  |

Phase 6.1 Hold Fix Iter | Checksum: f3a23132

Time (s): cpu = 00:01:54 ; elapsed = 00:01:17 . Memory (MB): peak = 2126.965 ; gain = 102.645
Phase 6 Post Hold Fix | Checksum: f3a23132

Time (s): cpu = 00:01:54 ; elapsed = 00:01:17 . Memory (MB): peak = 2126.965 ; gain = 102.645

Phase 7 Route finalize

Router Utilization Summary
  Global Vertical Routing Utilization    = 10.4526 %
  Global Horizontal Routing Utilization  = 13.5618 %
  Routable Net Status*
  *Does not include unroutable nets such as driverless and loadless.
  Run report_route_status for detailed report.
  Number of Failed Nets               = 0
    (Failed Nets is the sum of unrouted and partially routed nets)
  Number of Unrouted Nets             = 0
  Number of Partially Routed Nets     = 0
  Number of Node Overlaps             = 0

Phase 7 Route finalize | Checksum: 115bcdfb0

Time (s): cpu = 00:01:55 ; elapsed = 00:01:18 . Memory (MB): peak = 2126.965 ; gain = 102.645

Phase 8 Verifying routed nets

 Verification completed successfully
Phase 8 Verifying routed nets | Checksum: 115bcdfb0

Time (s): cpu = 00:01:55 ; elapsed = 00:01:18 . Memory (MB): peak = 2126.965 ; gain = 102.645

Phase 9 Depositing Routes
Phase 9 Depositing Routes | Checksum: 1d190d587

Time (s): cpu = 00:01:58 ; elapsed = 00:01:21 . Memory (MB): peak = 2126.965 ; gain = 102.645

Phase 10 Post Router Timing
INFO: [Route 35-57] Estimated Timing Summary | WNS=7.377  | TNS=0.000  | WHS=0.015  | THS=0.000  |

INFO: [Route 35-327] The final timing numbers are based on the router estimated timing analysis. For a complete and accurate timing signoff, please run report_timing_summary.
Phase 10 Post Router Timing | Checksum: 1d190d587

Time (s): cpu = 00:02:02 ; elapsed = 00:01:24 . Memory (MB): peak = 2126.965 ; gain = 102.645
INFO: [Route 35-16] Router Completed Successfully

Time (s): cpu = 00:02:02 ; elapsed = 00:01:24 . Memory (MB): peak = 2126.965 ; gain = 102.645

Routing Is Done.
INFO: [Common 17-83] Releasing license: Implementation
13 Infos, 0 Warnings, 0 Critical Warnings and 0 Errors encountered.
route_design completed successfully
route_design: Time (s): cpu = 00:02:17 ; elapsed = 00:01:33 . Memory (MB): peak = 2126.965 ; gain = 102.645
# report_timing_summary -max_paths 10 -file "$report_dir/timing_summary.rpt"
INFO: [Timing 38-91] UpdateTimingParams: Speed grade: -1, Delay Type: min_max.
INFO: [Timing 38-191] Multithreading enabled for timing update using a maximum of 2 CPUs
report_timing_summary: Time (s): cpu = 00:00:15 ; elapsed = 00:00:09 . Memory (MB): peak = 2126.965 ; gain = 0.000
# report_timing -delay_type max -max_paths 10 -path_type full -file "$report_dir/critical_paths_setup_top10.rpt"
INFO: [Timing 38-91] UpdateTimingParams: Speed grade: -1, Delay Type: max.
INFO: [Timing 38-191] Multithreading enabled for timing update using a maximum of 2 CPUs
INFO: [Timing 38-78] ReportTimingParams: -max_paths 10 -nworst 1 -delay_type max -sort_by slack.
# report_timing -delay_type min -max_paths 10 -path_type full -file "$report_dir/critical_paths_hold_top10.rpt"
INFO: [Timing 38-91] UpdateTimingParams: Speed grade: -1, Delay Type: min.
INFO: [Timing 38-191] Multithreading enabled for timing update using a maximum of 2 CPUs
INFO: [Timing 38-78] ReportTimingParams: -max_paths 10 -nworst 1 -delay_type min -sort_by slack.
# report_utilization -file "$report_dir/utilization.rpt"
# report_route_status -file "$report_dir/route_status.rpt"
# report_drc -file "$report_dir/drc.rpt"
Command: report_drc -file C:/project/FPGA2/artifacts/工程報告(engineering_reports)/凍結UART警告修正(frozen_uart_warning_fixed)/報告(reports)/drc.rpt
INFO: [IP_Flow 19-234] Refreshing IP repositories
INFO: [IP_Flow 19-1704] No user IP repositories specified
INFO: [IP_Flow 19-2313] Loaded Vivado IP repository 'C:/Xilinx/Vivado/2021.1/data/ip'.
INFO: [DRC 23-27] Running DRC with 2 threads
INFO: [Vivado_Tcl 2-168] The results of DRC are in file C:/project/FPGA2/artifacts/工程報告(engineering_reports)/凍結UART警告修正(frozen_uart_warning_fixed)/報告(reports)/drc.rpt.
report_drc completed successfully
report_drc: Time (s): cpu = 00:00:08 ; elapsed = 00:00:06 . Memory (MB): peak = 2180.605 ; gain = 26.359
# report_methodology -file "$report_dir/methodology.rpt"
Command: report_methodology -file C:/project/FPGA2/artifacts/工程報告(engineering_reports)/凍結UART警告修正(frozen_uart_warning_fixed)/報告(reports)/methodology.rpt
INFO: [Timing 38-35] Done setting XDC timing constraints.
INFO: [DRC 23-133] Running Methodology with 2 threads
INFO: [Vivado_Tcl 2-1520] The results of Report Methodology are in file C:/project/FPGA2/artifacts/工程報告(engineering_reports)/凍結UART警告修正(frozen_uart_warning_fixed)/報告(reports)/methodology.rpt.
report_methodology completed successfully
report_methodology: Time (s): cpu = 00:00:13 ; elapsed = 00:00:08 . Memory (MB): peak = 2180.605 ; gain = 0.000
# report_clock_interaction -file "$report_dir/clock_interaction.rpt"
INFO: [Timing 38-91] UpdateTimingParams: Speed grade: -1, Delay Type: max.
INFO: [Timing 38-191] Multithreading enabled for timing update using a maximum of 2 CPUs
INFO: [Timing 38-35] Done setting XDC timing constraints.
# report_cdc -details -show_waiver -file "$report_dir/cdc.rpt"
INFO: [Timing 38-91] UpdateTimingParams: No interconnect No Cell Dly, Speed grade: -1, Delay Type: max.
INFO: [Timing 38-191] Multithreading enabled for timing update using a maximum of 2 CPUs
INFO: [Timing 38-433] Consider using Xilinx recommended XPM_CDC modules to avoid Critical severities
INFO: [Timing 38-314] The report_cdc command only analyzes and reports clock domain crossing paths where clocks have been defined on both source and destination sides. Ports with no input delay constraint are skipped. Please run check_timing to verify there are no missing clock definitions in your design, nor any unconstrained input port.
report_cdc: Time (s): cpu = 00:00:13 ; elapsed = 00:00:13 . Memory (MB): peak = 2180.605 ; gain = 0.000
# check_timing -verbose -file "$report_dir/check_timing.rpt"
check_timing: Time (s): cpu = 00:00:12 ; elapsed = 00:00:07 . Memory (MB): peak = 2181.645 ; gain = 1.039
# report_clocks -file "$report_dir/clocks.rpt"
# report_power -advisory -file "$report_dir/power.rpt"
Command: report_power -advisory -file C:/project/FPGA2/artifacts/工程報告(engineering_reports)/凍結UART警告修正(frozen_uart_warning_fixed)/報告(reports)/power.rpt
Running Vector-less Activity Propagation...

Finished Running Vector-less Activity Propagation
WARNING: [Power 33-332] Found switching activity that implies high-fanout reset nets being asserted for excessive periods of time which may result in inaccurate power analysis.
Resolution: To review and fix problems, please run Power Constraints Advisor in the GUI from Tools > Power Constraints Advisor or run report_power with the -advisory option to generate a text report.
0 Infos, 1 Warnings, 0 Critical Warnings and 0 Errors encountered.
report_power completed successfully
report_power: Time (s): cpu = 00:00:18 ; elapsed = 00:00:11 . Memory (MB): peak = 2216.699 ; gain = 35.055
# write_checkpoint -force "$checkpoint_dir/fpga_top_arty_a7_uart_warning_fixed_routed.dcp"
INFO: [Timing 38-480] Writing timing data to binary archive.
Writing placer database...
Writing XDEF routing.
Writing XDEF routing logical nets.
Writing XDEF routing special nets.
Write XDEF Complete: Time (s): cpu = 00:00:10 ; elapsed = 00:00:04 . Memory (MB): peak = 2228.168 ; gain = 11.469
INFO: [Common 17-1381] The checkpoint 'C:/project/FPGA2/artifacts/工程報告(engineering_reports)/凍結UART警告修正(frozen_uart_warning_fixed)/檢查點(checkpoint)/fpga_top_arty_a7_uart_warning_fixed_routed.dcp' has been generated.
write_checkpoint: Time (s): cpu = 00:00:16 ; elapsed = 00:00:12 . Memory (MB): peak = 2228.168 ; gain = 11.469
# set setup_path [get_timing_paths -delay_type max -max_paths 1]
# set hold_path [get_timing_paths -delay_type min -max_paths 1]
# set result_fp [open "$provenance_dir/build_result.txt" w]
# puts $result_fp "vivado_version=[version -short]"
# puts $result_fp "design=[current_design]"
# puts $result_fp "part=[get_property PART [current_design]]"
# puts $result_fp "setup_wns_ns=[get_property SLACK $setup_path]"
# puts $result_fp "hold_whs_ns=[get_property SLACK $hold_path]"
WARNING: [Vivado_Tcl 4-49] No violations matched '*'.
# puts $result_fp "drc_violation_count=[llength [get_drc_violations]]"
# puts $result_fp "routing_error_count=[llength [get_nets -quiet -hierarchical -filter {ROUTE_STATUS == UNROUTED}]]"
# foreach clock [get_clocks] {
#     puts $result_fp "clock=[get_property NAME $clock],period_ns=[get_property PERIOD $clock]"
# }
# close $result_fp
# puts "WARNING_FIXED_BUILD_COMPLETE"
WARNING_FIXED_BUILD_COMPLETE
# puts "WARNING_FIXED_PACKAGE=$package_dir"
WARNING_FIXED_PACKAGE=C:/project/FPGA2/artifacts/工程報告(engineering_reports)/凍結UART警告修正(frozen_uart_warning_fixed)
# exit
INFO: [Common 17-206] Exiting Vivado at Sat Aug 15 20:33:51 2026...
