Copyright 1986-2021 Xilinx, Inc. All Rights Reserved.
-------------------------------------------------------------------------------------------------------------------------------------------------------------------------------------------------
| Tool Version : Vivado v.2021.1 (win64) Build 3247384 Thu Jun 10 19:36:33 MDT 2021
| Date         : Sat Aug 15 20:32:45 2026
| Host         : DESKTOP-IO47298 running 64-bit major release  (build 9200)
| Command      : report_timing_summary -max_paths 10 -file C:/project/FPGA2/artifacts/工程報告(engineering_reports)/凍結UART警告修正(frozen_uart_warning_fixed)/報告(reports)/timing_summary.rpt
| Design       : fpga_top_arty_a7_uart
| Device       : 7a100t-csg324
| Speed File   : -1  PRODUCTION 1.23 2018-06-13
-------------------------------------------------------------------------------------------------------------------------------------------------------------------------------------------------

Timing Summary Report

------------------------------------------------------------------------------------------------
| Timer Settings
| --------------
------------------------------------------------------------------------------------------------

  Enable Multi Corner Analysis               :  Yes
  Enable Pessimism Removal                   :  Yes
  Pessimism Removal Resolution               :  Nearest Common Node
  Enable Input Delay Default Clock           :  No
  Enable Preset / Clear Arcs                 :  No
  Disable Flight Delays                      :  No
  Ignore I/O Paths                           :  No
  Timing Early Launch at Borrowing Latches   :  No
  Borrow Time for Max Delay Exceptions       :  Yes
  Merge Timing Exceptions                    :  Yes

  Corner  Analyze    Analyze    
  Name    Max Paths  Min Paths  
  ------  ---------  ---------  
  Slow    Yes        Yes        
  Fast    Yes        Yes        


------------------------------------------------------------------------------------------------
| Report Methodology
| ------------------
------------------------------------------------------------------------------------------------

No report available as report_methodology has not been run prior. Run report_methodology on the current design for the summary of methodology violations.



check_timing report

Table of Contents
-----------------
1. checking no_clock (0)
2. checking constant_clock (0)
3. checking pulse_width_clock (0)
4. checking unconstrained_internal_endpoints (0)
5. checking no_input_delay (2)
6. checking no_output_delay (5)
7. checking multiple_clock (0)
8. checking generated_clocks (0)
9. checking loops (0)
10. checking partial_input_delay (0)
11. checking partial_output_delay (0)
12. checking latch_loops (0)

1. checking no_clock (0)
------------------------
 There are 0 register/latch pins with no clock.


2. checking constant_clock (0)
------------------------------
 There are 0 register/latch pins with constant_clock.


3. checking pulse_width_clock (0)
---------------------------------
 There are 0 register/latch pins which need pulse_width check


4. checking unconstrained_internal_endpoints (0)
------------------------------------------------
 There are 0 pins that are not constrained for maximum delay.

 There are 0 pins that are not constrained for maximum delay due to constant clock.


5. checking no_input_delay (2)
------------------------------
 There are 0 input ports with no input delay specified.

 There are 2 input ports with no input delay but user has a false path constraint. (MEDIUM)


6. checking no_output_delay (5)
-------------------------------
 There are 0 ports with no output delay specified.

 There are 5 ports with no output delay but user has a false path constraint (MEDIUM)

 There are 0 ports with no output delay but with a timing clock defined on it or propagating through it


7. checking multiple_clock (0)
------------------------------
 There are 0 register/latch pins with multiple clocks.


8. checking generated_clocks (0)
--------------------------------
 There are 0 generated clocks that are not connected to a clock source.


9. checking loops (0)
---------------------
 There are 0 combinational loops in the design.


10. checking partial_input_delay (0)
------------------------------------
 There are 0 input ports with partial input delay specified.


11. checking partial_output_delay (0)
-------------------------------------
 There are 0 ports with partial output delay specified.


12. checking latch_loops (0)
----------------------------
 There are 0 combinational latch loops in the design through latch input



------------------------------------------------------------------------------------------------
| Design Timing Summary
| ---------------------
------------------------------------------------------------------------------------------------

    WNS(ns)      TNS(ns)  TNS Failing Endpoints  TNS Total Endpoints      WHS(ns)      THS(ns)  THS Failing Endpoints  THS Total Endpoints     WPWS(ns)     TPWS(ns)  TPWS Failing Endpoints  TPWS Total Endpoints  
    -------      -------  ---------------------  -------------------      -------      -------  ---------------------  -------------------     --------     --------  ----------------------  --------------------  
      7.376        0.000                      0                58921        0.016        0.000                      0                58921        3.000        0.000                       0                 22180  


All user specified timing constraints are met.


------------------------------------------------------------------------------------------------
| Clock Summary
| -------------
------------------------------------------------------------------------------------------------

Clock            Waveform(ns)       Period(ns)      Frequency(MHz)
-----            ------------       ----------      --------------
sys_clk_pin      {0.000 5.000}      10.000          100.000         
  core_clk_mmcm  {0.000 20.000}     40.000          25.000          
  mmcm_clkfb     {0.000 5.000}      10.000          100.000         


------------------------------------------------------------------------------------------------
| Intra Clock Table
| -----------------
------------------------------------------------------------------------------------------------

Clock                WNS(ns)      TNS(ns)  TNS Failing Endpoints  TNS Total Endpoints      WHS(ns)      THS(ns)  THS Failing Endpoints  THS Total Endpoints     WPWS(ns)     TPWS(ns)  TPWS Failing Endpoints  TPWS Total Endpoints  
-----                -------      -------  ---------------------  -------------------      -------      -------  ---------------------  -------------------     --------     --------  ----------------------  --------------------  
sys_clk_pin            7.376        0.000                      0                   26        0.093        0.000                      0                   26        3.000        0.000                       0                    28  
  core_clk_mmcm       11.789        0.000                      0                58895        0.016        0.000                      0                58895       19.500        0.000                       0                 22150  
  mmcm_clkfb                                                                                                                                                       8.751        0.000                       0                     2  


------------------------------------------------------------------------------------------------
| Inter Clock Table
| -----------------
------------------------------------------------------------------------------------------------

From Clock    To Clock          WNS(ns)      TNS(ns)  TNS Failing Endpoints  TNS Total Endpoints      WHS(ns)      THS(ns)  THS Failing Endpoints  THS Total Endpoints  
----------    --------          -------      -------  ---------------------  -------------------      -------      -------  ---------------------  -------------------  


------------------------------------------------------------------------------------------------
| Other Path Groups Table
| -----------------------
------------------------------------------------------------------------------------------------

Path Group    From Clock    To Clock          WNS(ns)      TNS(ns)  TNS Failing Endpoints  TNS Total Endpoints      WHS(ns)      THS(ns)  THS Failing Endpoints  THS Total Endpoints  
----------    ----------    --------          -------      -------  ---------------------  -------------------      -------      -------  ---------------------  -------------------  


------------------------------------------------------------------------------------------------
| Timing Details
| --------------
------------------------------------------------------------------------------------------------


---------------------------------------------------------------------------------------------------
From Clock:  sys_clk_pin
  To Clock:  sys_clk_pin

Setup :            0  Failing Endpoints,  Worst Slack        7.376ns,  Total Violation        0.000ns
Hold  :            0  Failing Endpoints,  Worst Slack        0.093ns,  Total Violation        0.000ns
PW    :            0  Failing Endpoints,  Worst Slack        3.000ns,  Total Violation        0.000ns
---------------------------------------------------------------------------------------------------


Max Delay Paths
--------------------------------------------------------------------------------------
Slack (MET) :             7.376ns  (required time - arrival time)
  Source:                 alive_div_reg[1]/C
                            (rising edge-triggered cell FDRE clocked by sys_clk_pin  {rise@0.000ns fall@5.000ns period=10.000ns})
  Destination:            alive_div_reg[25]/D
                            (rising edge-triggered cell FDRE clocked by sys_clk_pin  {rise@0.000ns fall@5.000ns period=10.000ns})
  Path Group:             sys_clk_pin
  Path Type:              Setup (Max at Slow Process Corner)
  Requirement:            10.000ns  (sys_clk_pin rise@10.000ns - sys_clk_pin rise@0.000ns)
  Data Path Delay:        2.515ns  (logic 2.034ns (80.869%)  route 0.481ns (19.131%))
  Logic Levels:           7  (CARRY4=7)
  Clock Path Skew:        -0.136ns (DCD - SCD + CPR)
    Destination Clock Delay (DCD):    5.019ns = ( 15.019 - 10.000 ) 
    Source Clock Delay      (SCD):    5.335ns
    Clock Pessimism Removal (CPR):    0.180ns
  Clock Uncertainty:      0.035ns  ((TSJ^2 + TIJ^2)^1/2 + DJ) / 2 + PE
    Total System Jitter     (TSJ):    0.071ns
    Total Input Jitter      (TIJ):    0.000ns
    Discrete Jitter          (DJ):    0.000ns
    Phase Error              (PE):    0.000ns

    Location             Delay type                Incr(ns)  Path(ns)    Netlist Resource(s)
  -------------------------------------------------------------------    -------------------
                         (clock sys_clk_pin rise edge)
                                                      0.000     0.000 r  
    E3                                                0.000     0.000 r  clk (IN)
                         net (fo=0)                   0.000     0.000    clk
    E3                   IBUF (Prop_ibuf_I_O)         1.482     1.482 r  clk_IBUF_inst/O
                         net (fo=1, routed)           2.025     3.506    clk_IBUF
    BUFGCTRL_X0Y16       BUFG (Prop_bufg_I_O)         0.096     3.602 r  clk_IBUF_BUFG_inst/O
                         net (fo=27, routed)          1.732     5.335    clk_IBUF_BUFG
    SLICE_X89Y95         FDRE                                         r  alive_div_reg[1]/C
  -------------------------------------------------------------------    -------------------
    SLICE_X89Y95         FDRE (Prop_fdre_C_Q)         0.456     5.791 r  alive_div_reg[1]/Q
                         net (fo=1, routed)           0.480     6.271    alive_div_reg_n_0_[1]
    SLICE_X89Y95         CARRY4 (Prop_carry4_S[1]_CO[3])
                                                      0.674     6.945 r  alive_div_reg[0]_i_1/CO[3]
                         net (fo=1, routed)           0.000     6.945    alive_div_reg[0]_i_1_n_0
    SLICE_X89Y96         CARRY4 (Prop_carry4_CI_CO[3])
                                                      0.114     7.059 r  alive_div_reg[4]_i_1/CO[3]
                         net (fo=1, routed)           0.000     7.059    alive_div_reg[4]_i_1_n_0
    SLICE_X89Y97         CARRY4 (Prop_carry4_CI_CO[3])
                                                      0.114     7.173 r  alive_div_reg[8]_i_1/CO[3]
                         net (fo=1, routed)           0.000     7.173    alive_div_reg[8]_i_1_n_0
    SLICE_X89Y98         CARRY4 (Prop_carry4_CI_CO[3])
                                                      0.114     7.287 r  alive_div_reg[12]_i_1/CO[3]
                         net (fo=1, routed)           0.000     7.287    alive_div_reg[12]_i_1_n_0
    SLICE_X89Y99         CARRY4 (Prop_carry4_CI_CO[3])
                                                      0.114     7.401 r  alive_div_reg[16]_i_1/CO[3]
                         net (fo=1, routed)           0.001     7.402    alive_div_reg[16]_i_1_n_0
    SLICE_X89Y100        CARRY4 (Prop_carry4_CI_CO[3])
                                                      0.114     7.516 r  alive_div_reg[20]_i_1/CO[3]
                         net (fo=1, routed)           0.000     7.516    alive_div_reg[20]_i_1_n_0
    SLICE_X89Y101        CARRY4 (Prop_carry4_CI_O[1])
                                                      0.334     7.850 r  alive_div_reg[24]_i_1/O[1]
                         net (fo=1, routed)           0.000     7.850    alive_div_reg[24]_i_1_n_6
    SLICE_X89Y101        FDRE                                         r  alive_div_reg[25]/D
  -------------------------------------------------------------------    -------------------

                         (clock sys_clk_pin rise edge)
                                                     10.000    10.000 r  
    E3                                                0.000    10.000 r  clk (IN)
                         net (fo=0)                   0.000    10.000    clk
    E3                   IBUF (Prop_ibuf_I_O)         1.411    11.411 r  clk_IBUF_inst/O
                         net (fo=1, routed)           1.920    13.331    clk_IBUF
    BUFGCTRL_X0Y16       BUFG (Prop_bufg_I_O)         0.091    13.422 r  clk_IBUF_BUFG_inst/O
                         net (fo=27, routed)          1.597    15.019    clk_IBUF_BUFG
    SLICE_X89Y101        FDRE                                         r  alive_div_reg[25]/C
                         clock pessimism              0.180    15.199    
                         clock uncertainty           -0.035    15.164    
    SLICE_X89Y101        FDRE (Setup_fdre_C_D)        0.062    15.226    alive_div_reg[25]
  -------------------------------------------------------------------
                         required time                         15.226    
                         arrival time                          -7.850    
  -------------------------------------------------------------------
                         slack                                  7.376    

Slack (MET) :             7.487ns  (required time - arrival time)
  Source:                 alive_div_reg[1]/C
                            (rising edge-triggered cell FDRE clocked by sys_clk_pin  {rise@0.000ns fall@5.000ns period=10.000ns})
  Destination:            alive_div_reg[24]/D
                            (rising edge-triggered cell FDRE clocked by sys_clk_pin  {rise@0.000ns fall@5.000ns period=10.000ns})
  Path Group:             sys_clk_pin
  Path Type:              Setup (Max at Slow Process Corner)
  Requirement:            10.000ns  (sys_clk_pin rise@10.000ns - sys_clk_pin rise@0.000ns)
  Data Path Delay:        2.404ns  (logic 1.923ns (79.986%)  route 0.481ns (20.014%))
  Logic Levels:           7  (CARRY4=7)
  Clock Path Skew:        -0.136ns (DCD - SCD + CPR)
    Destination Clock Delay (DCD):    5.019ns = ( 15.019 - 10.000 ) 
    Source Clock Delay      (SCD):    5.335ns
    Clock Pessimism Removal (CPR):    0.180ns
  Clock Uncertainty:      0.035ns  ((TSJ^2 + TIJ^2)^1/2 + DJ) / 2 + PE
    Total System Jitter     (TSJ):    0.071ns
    Total Input Jitter      (TIJ):    0.000ns
    Discrete Jitter          (DJ):    0.000ns
    Phase Error              (PE):    0.000ns

    Location             Delay type                Incr(ns)  Path(ns)    Netlist Resource(s)
  -------------------------------------------------------------------    -------------------
                         (clock sys_clk_pin rise edge)
                                                      0.000     0.000 r  
    E3                                                0.000     0.000 r  clk (IN)
                         net (fo=0)                   0.000     0.000    clk
    E3                   IBUF (Prop_ibuf_I_O)         1.482     1.482 r  clk_IBUF_inst/O
                         net (fo=1, routed)           2.025     3.506    clk_IBUF
    BUFGCTRL_X0Y16       BUFG (Prop_bufg_I_O)         0.096     3.602 r  clk_IBUF_BUFG_inst/O
                         net (fo=27, routed)          1.732     5.335    clk_IBUF_BUFG
    SLICE_X89Y95         FDRE                                         r  alive_div_reg[1]/C
  -------------------------------------------------------------------    -------------------
    SLICE_X89Y95         FDRE (Prop_fdre_C_Q)         0.456     5.791 r  alive_div_reg[1]/Q
                         net (fo=1, routed)           0.480     6.271    alive_div_reg_n_0_[1]
    SLICE_X89Y95         CARRY4 (Prop_carry4_S[1]_CO[3])
                                                      0.674     6.945 r  alive_div_reg[0]_i_1/CO[3]
                         net (fo=1, routed)           0.000     6.945    alive_div_reg[0]_i_1_n_0
    SLICE_X89Y96         CARRY4 (Prop_carry4_CI_CO[3])
                                                      0.114     7.059 r  alive_div_reg[4]_i_1/CO[3]
                         net (fo=1, routed)           0.000     7.059    alive_div_reg[4]_i_1_n_0
    SLICE_X89Y97         CARRY4 (Prop_carry4_CI_CO[3])
                                                      0.114     7.173 r  alive_div_reg[8]_i_1/CO[3]
                         net (fo=1, routed)           0.000     7.173    alive_div_reg[8]_i_1_n_0
    SLICE_X89Y98         CARRY4 (Prop_carry4_CI_CO[3])
                                                      0.114     7.287 r  alive_div_reg[12]_i_1/CO[3]
                         net (fo=1, routed)           0.000     7.287    alive_div_reg[12]_i_1_n_0
    SLICE_X89Y99         CARRY4 (Prop_carry4_CI_CO[3])
                                                      0.114     7.401 r  alive_div_reg[16]_i_1/CO[3]
                         net (fo=1, routed)           0.001     7.402    alive_div_reg[16]_i_1_n_0
    SLICE_X89Y100        CARRY4 (Prop_carry4_CI_CO[3])
                                                      0.114     7.516 r  alive_div_reg[20]_i_1/CO[3]
                         net (fo=1, routed)           0.000     7.516    alive_div_reg[20]_i_1_n_0
    SLICE_X89Y101        CARRY4 (Prop_carry4_CI_O[0])
                                                      0.223     7.739 r  alive_div_reg[24]_i_1/O[0]
                         net (fo=1, routed)           0.000     7.739    alive_div_reg[24]_i_1_n_7
    SLICE_X89Y101        FDRE                                         r  alive_div_reg[24]/D
  -------------------------------------------------------------------    -------------------

                         (clock sys_clk_pin rise edge)
                                                     10.000    10.000 r  
    E3                                                0.000    10.000 r  clk (IN)
                         net (fo=0)                   0.000    10.000    clk
    E3                   IBUF (Prop_ibuf_I_O)         1.411    11.411 r  clk_IBUF_inst/O
                         net (fo=1, routed)           1.920    13.331    clk_IBUF
    BUFGCTRL_X0Y16       BUFG (Prop_bufg_I_O)         0.091    13.422 r  clk_IBUF_BUFG_inst/O
                         net (fo=27, routed)          1.597    15.019    clk_IBUF_BUFG
    SLICE_X89Y101        FDRE                                         r  alive_div_reg[24]/C
                         clock pessimism              0.180    15.199    
                         clock uncertainty           -0.035    15.164    
    SLICE_X89Y101        FDRE (Setup_fdre_C_D)        0.062    15.226    alive_div_reg[24]
  -------------------------------------------------------------------
                         required time                         15.226    
                         arrival time                          -7.739    
  -------------------------------------------------------------------
                         slack                                  7.487    

Slack (MET) :             7.490ns  (required time - arrival time)
  Source:                 alive_div_reg[1]/C
                            (rising edge-triggered cell FDRE clocked by sys_clk_pin  {rise@0.000ns fall@5.000ns period=10.000ns})
  Destination:            alive_div_reg[21]/D
                            (rising edge-triggered cell FDRE clocked by sys_clk_pin  {rise@0.000ns fall@5.000ns period=10.000ns})
  Path Group:             sys_clk_pin
  Path Type:              Setup (Max at Slow Process Corner)
  Requirement:            10.000ns  (sys_clk_pin rise@10.000ns - sys_clk_pin rise@0.000ns)
  Data Path Delay:        2.401ns  (logic 1.920ns (79.961%)  route 0.481ns (20.039%))
  Logic Levels:           6  (CARRY4=6)
  Clock Path Skew:        -0.136ns (DCD - SCD + CPR)
    Destination Clock Delay (DCD):    5.019ns = ( 15.019 - 10.000 ) 
    Source Clock Delay      (SCD):    5.335ns
    Clock Pessimism Removal (CPR):    0.180ns
  Clock Uncertainty:      0.035ns  ((TSJ^2 + TIJ^2)^1/2 + DJ) / 2 + PE
    Total System Jitter     (TSJ):    0.071ns
    Total Input Jitter      (TIJ):    0.000ns
    Discrete Jitter          (DJ):    0.000ns
    Phase Error              (PE):    0.000ns

    Location             Delay type                Incr(ns)  Path(ns)    Netlist Resource(s)
  -------------------------------------------------------------------    -------------------
                         (clock sys_clk_pin rise edge)
                                                      0.000     0.000 r  
    E3                                                0.000     0.000 r  clk (IN)
                         net (fo=0)                   0.000     0.000    clk
    E3                   IBUF (Prop_ibuf_I_O)         1.482     1.482 r  clk_IBUF_inst/O
                         net (fo=1, routed)           2.025     3.506    clk_IBUF
    BUFGCTRL_X0Y16       BUFG (Prop_bufg_I_O)         0.096     3.602 r  clk_IBUF_BUFG_inst/O
                         net (fo=27, routed)          1.732     5.335    clk_IBUF_BUFG
    SLICE_X89Y95         FDRE                                         r  alive_div_reg[1]/C
  -------------------------------------------------------------------    -------------------
    SLICE_X89Y95         FDRE (Prop_fdre_C_Q)         0.456     5.791 r  alive_div_reg[1]/Q
                         net (fo=1, routed)           0.480     6.271    alive_div_reg_n_0_[1]
    SLICE_X89Y95         CARRY4 (Prop_carry4_S[1]_CO[3])
                                                      0.674     6.945 r  alive_div_reg[0]_i_1/CO[3]
                         net (fo=1, routed)           0.000     6.945    alive_div_reg[0]_i_1_n_0
    SLICE_X89Y96         CARRY4 (Prop_carry4_CI_CO[3])
                                                      0.114     7.059 r  alive_div_reg[4]_i_1/CO[3]
                         net (fo=1, routed)           0.000     7.059    alive_div_reg[4]_i_1_n_0
    SLICE_X89Y97         CARRY4 (Prop_carry4_CI_CO[3])
                                                      0.114     7.173 r  alive_div_reg[8]_i_1/CO[3]
                         net (fo=1, routed)           0.000     7.173    alive_div_reg[8]_i_1_n_0
    SLICE_X89Y98         CARRY4 (Prop_carry4_CI_CO[3])
                                                      0.114     7.287 r  alive_div_reg[12]_i_1/CO[3]
                         net (fo=1, routed)           0.000     7.287    alive_div_reg[12]_i_1_n_0
    SLICE_X89Y99         CARRY4 (Prop_carry4_CI_CO[3])
                                                      0.114     7.401 r  alive_div_reg[16]_i_1/CO[3]
                         net (fo=1, routed)           0.001     7.402    alive_div_reg[16]_i_1_n_0
    SLICE_X89Y100        CARRY4 (Prop_carry4_CI_O[1])
                                                      0.334     7.736 r  alive_div_reg[20]_i_1/O[1]
                         net (fo=1, routed)           0.000     7.736    alive_div_reg[20]_i_1_n_6
    SLICE_X89Y100        FDRE                                         r  alive_div_reg[21]/D
  -------------------------------------------------------------------    -------------------

                         (clock sys_clk_pin rise edge)
                                                     10.000    10.000 r  
    E3                                                0.000    10.000 r  clk (IN)
                         net (fo=0)                   0.000    10.000    clk
    E3                   IBUF (Prop_ibuf_I_O)         1.411    11.411 r  clk_IBUF_inst/O
                         net (fo=1, routed)           1.920    13.331    clk_IBUF
    BUFGCTRL_X0Y16       BUFG (Prop_bufg_I_O)         0.091    13.422 r  clk_IBUF_BUFG_inst/O
                         net (fo=27, routed)          1.597    15.019    clk_IBUF_BUFG
    SLICE_X89Y100        FDRE                                         r  alive_div_reg[21]/C
                         clock pessimism              0.180    15.199    
                         clock uncertainty           -0.035    15.164    
    SLICE_X89Y100        FDRE (Setup_fdre_C_D)        0.062    15.226    alive_div_reg[21]
  -------------------------------------------------------------------
                         required time                         15.226    
                         arrival time                          -7.736    
  -------------------------------------------------------------------
                         slack                                  7.490    

Slack (MET) :             7.511ns  (required time - arrival time)
  Source:                 alive_div_reg[1]/C
                            (rising edge-triggered cell FDRE clocked by sys_clk_pin  {rise@0.000ns fall@5.000ns period=10.000ns})
  Destination:            alive_div_reg[23]/D
                            (rising edge-triggered cell FDRE clocked by sys_clk_pin  {rise@0.000ns fall@5.000ns period=10.000ns})
  Path Group:             sys_clk_pin
  Path Type:              Setup (Max at Slow Process Corner)
  Requirement:            10.000ns  (sys_clk_pin rise@10.000ns - sys_clk_pin rise@0.000ns)
  Data Path Delay:        2.380ns  (logic 1.899ns (79.784%)  route 0.481ns (20.216%))
  Logic Levels:           6  (CARRY4=6)
  Clock Path Skew:        -0.136ns (DCD - SCD + CPR)
    Destination Clock Delay (DCD):    5.019ns = ( 15.019 - 10.000 ) 
    Source Clock Delay      (SCD):    5.335ns
    Clock Pessimism Removal (CPR):    0.180ns
  Clock Uncertainty:      0.035ns  ((TSJ^2 + TIJ^2)^1/2 + DJ) / 2 + PE
    Total System Jitter     (TSJ):    0.071ns
    Total Input Jitter      (TIJ):    0.000ns
    Discrete Jitter          (DJ):    0.000ns
    Phase Error              (PE):    0.000ns

    Location             Delay type                Incr(ns)  Path(ns)    Netlist Resource(s)
  -------------------------------------------------------------------    -------------------
                         (clock sys_clk_pin rise edge)
                                                      0.000     0.000 r  
    E3                                                0.000     0.000 r  clk (IN)
                         net (fo=0)                   0.000     0.000    clk
    E3                   IBUF (Prop_ibuf_I_O)         1.482     1.482 r  clk_IBUF_inst/O
                         net (fo=1, routed)           2.025     3.506    clk_IBUF
    BUFGCTRL_X0Y16       BUFG (Prop_bufg_I_O)         0.096     3.602 r  clk_IBUF_BUFG_inst/O
                         net (fo=27, routed)          1.732     5.335    clk_IBUF_BUFG
    SLICE_X89Y95         FDRE                                         r  alive_div_reg[1]/C
  -------------------------------------------------------------------    -------------------
    SLICE_X89Y95         FDRE (Prop_fdre_C_Q)         0.456     5.791 r  alive_div_reg[1]/Q
                         net (fo=1, routed)           0.480     6.271    alive_div_reg_n_0_[1]
    SLICE_X89Y95         CARRY4 (Prop_carry4_S[1]_CO[3])
                                                      0.674     6.945 r  alive_div_reg[0]_i_1/CO[3]
                         net (fo=1, routed)           0.000     6.945    alive_div_reg[0]_i_1_n_0
    SLICE_X89Y96         CARRY4 (Prop_carry4_CI_CO[3])
                                                      0.114     7.059 r  alive_div_reg[4]_i_1/CO[3]
                         net (fo=1, routed)           0.000     7.059    alive_div_reg[4]_i_1_n_0
    SLICE_X89Y97         CARRY4 (Prop_carry4_CI_CO[3])
                                                      0.114     7.173 r  alive_div_reg[8]_i_1/CO[3]
                         net (fo=1, routed)           0.000     7.173    alive_div_reg[8]_i_1_n_0
    SLICE_X89Y98         CARRY4 (Prop_carry4_CI_CO[3])
                                                      0.114     7.287 r  alive_div_reg[12]_i_1/CO[3]
                         net (fo=1, routed)           0.000     7.287    alive_div_reg[12]_i_1_n_0
    SLICE_X89Y99         CARRY4 (Prop_carry4_CI_CO[3])
                                                      0.114     7.401 r  alive_div_reg[16]_i_1/CO[3]
                         net (fo=1, routed)           0.001     7.402    alive_div_reg[16]_i_1_n_0
    SLICE_X89Y100        CARRY4 (Prop_carry4_CI_O[3])
                                                      0.313     7.715 r  alive_div_reg[20]_i_1/O[3]
                         net (fo=1, routed)           0.000     7.715    alive_div_reg[20]_i_1_n_4
    SLICE_X89Y100        FDRE                                         r  alive_div_reg[23]/D
  -------------------------------------------------------------------    -------------------

                         (clock sys_clk_pin rise edge)
                                                     10.000    10.000 r  
    E3                                                0.000    10.000 r  clk (IN)
                         net (fo=0)                   0.000    10.000    clk
    E3                   IBUF (Prop_ibuf_I_O)         1.411    11.411 r  clk_IBUF_inst/O
                         net (fo=1, routed)           1.920    13.331    clk_IBUF
    BUFGCTRL_X0Y16       BUFG (Prop_bufg_I_O)         0.091    13.422 r  clk_IBUF_BUFG_inst/O
                         net (fo=27, routed)          1.597    15.019    clk_IBUF_BUFG
    SLICE_X89Y100        FDRE                                         r  alive_div_reg[23]/C
                         clock pessimism              0.180    15.199    
                         clock uncertainty           -0.035    15.164    
    SLICE_X89Y100        FDRE (Setup_fdre_C_D)        0.062    15.226    alive_div_reg[23]
  -------------------------------------------------------------------
                         required time                         15.226    
                         arrival time                          -7.715    
  -------------------------------------------------------------------
                         slack                                  7.511    

Slack (MET) :             7.585ns  (required time - arrival time)
  Source:                 alive_div_reg[1]/C
                            (rising edge-triggered cell FDRE clocked by sys_clk_pin  {rise@0.000ns fall@5.000ns period=10.000ns})
  Destination:            alive_div_reg[22]/D
                            (rising edge-triggered cell FDRE clocked by sys_clk_pin  {rise@0.000ns fall@5.000ns period=10.000ns})
  Path Group:             sys_clk_pin
  Path Type:              Setup (Max at Slow Process Corner)
  Requirement:            10.000ns  (sys_clk_pin rise@10.000ns - sys_clk_pin rise@0.000ns)
  Data Path Delay:        2.306ns  (logic 1.825ns (79.135%)  route 0.481ns (20.865%))
  Logic Levels:           6  (CARRY4=6)
  Clock Path Skew:        -0.136ns (DCD - SCD + CPR)
    Destination Clock Delay (DCD):    5.019ns = ( 15.019 - 10.000 ) 
    Source Clock Delay      (SCD):    5.335ns
    Clock Pessimism Removal (CPR):    0.180ns
  Clock Uncertainty:      0.035ns  ((TSJ^2 + TIJ^2)^1/2 + DJ) / 2 + PE
    Total System Jitter     (TSJ):    0.071ns
    Total Input Jitter      (TIJ):    0.000ns
    Discrete Jitter          (DJ):    0.000ns
    Phase Error              (PE):    0.000ns

    Location             Delay type                Incr(ns)  Path(ns)    Netlist Resource(s)
  -------------------------------------------------------------------    -------------------
                         (clock sys_clk_pin rise edge)
                                                      0.000     0.000 r  
    E3                                                0.000     0.000 r  clk (IN)
                         net (fo=0)                   0.000     0.000    clk
    E3                   IBUF (Prop_ibuf_I_O)         1.482     1.482 r  clk_IBUF_inst/O
                         net (fo=1, routed)           2.025     3.506    clk_IBUF
    BUFGCTRL_X0Y16       BUFG (Prop_bufg_I_O)         0.096     3.602 r  clk_IBUF_BUFG_inst/O
                         net (fo=27, routed)          1.732     5.335    clk_IBUF_BUFG
    SLICE_X89Y95         FDRE                                         r  alive_div_reg[1]/C
  -------------------------------------------------------------------    -------------------
    SLICE_X89Y95         FDRE (Prop_fdre_C_Q)         0.456     5.791 r  alive_div_reg[1]/Q
                         net (fo=1, routed)           0.480     6.271    alive_div_reg_n_0_[1]
    SLICE_X89Y95         CARRY4 (Prop_carry4_S[1]_CO[3])
                                                      0.674     6.945 r  alive_div_reg[0]_i_1/CO[3]
                         net (fo=1, routed)           0.000     6.945    alive_div_reg[0]_i_1_n_0
    SLICE_X89Y96         CARRY4 (Prop_carry4_CI_CO[3])
                                                      0.114     7.059 r  alive_div_reg[4]_i_1/CO[3]
                         net (fo=1, routed)           0.000     7.059    alive_div_reg[4]_i_1_n_0
    SLICE_X89Y97         CARRY4 (Prop_carry4_CI_CO[3])
                                                      0.114     7.173 r  alive_div_reg[8]_i_1/CO[3]
                         net (fo=1, routed)           0.000     7.173    alive_div_reg[8]_i_1_n_0
    SLICE_X89Y98         CARRY4 (Prop_carry4_CI_CO[3])
                                                      0.114     7.287 r  alive_div_reg[12]_i_1/CO[3]
                         net (fo=1, routed)           0.000     7.287    alive_div_reg[12]_i_1_n_0
    SLICE_X89Y99         CARRY4 (Prop_carry4_CI_CO[3])
                                                      0.114     7.401 r  alive_div_reg[16]_i_1/CO[3]
                         net (fo=1, routed)           0.001     7.402    alive_div_reg[16]_i_1_n_0
    SLICE_X89Y100        CARRY4 (Prop_carry4_CI_O[2])
                                                      0.239     7.641 r  alive_div_reg[20]_i_1/O[2]
                         net (fo=1, routed)           0.000     7.641    alive_div_reg[20]_i_1_n_5
    SLICE_X89Y100        FDRE                                         r  alive_div_reg[22]/D
  -------------------------------------------------------------------    -------------------

                         (clock sys_clk_pin rise edge)
                                                     10.000    10.000 r  
    E3                                                0.000    10.000 r  clk (IN)
                         net (fo=0)                   0.000    10.000    clk
    E3                   IBUF (Prop_ibuf_I_O)         1.411    11.411 r  clk_IBUF_inst/O
                         net (fo=1, routed)           1.920    13.331    clk_IBUF
    BUFGCTRL_X0Y16       BUFG (Prop_bufg_I_O)         0.091    13.422 r  clk_IBUF_BUFG_inst/O
                         net (fo=27, routed)          1.597    15.019    clk_IBUF_BUFG
    SLICE_X89Y100        FDRE                                         r  alive_div_reg[22]/C
                         clock pessimism              0.180    15.199    
                         clock uncertainty           -0.035    15.164    
    SLICE_X89Y100        FDRE (Setup_fdre_C_D)        0.062    15.226    alive_div_reg[22]
  -------------------------------------------------------------------
                         required time                         15.226    
                         arrival time                          -7.641    
  -------------------------------------------------------------------
                         slack                                  7.585    

Slack (MET) :             7.601ns  (required time - arrival time)
  Source:                 alive_div_reg[1]/C
                            (rising edge-triggered cell FDRE clocked by sys_clk_pin  {rise@0.000ns fall@5.000ns period=10.000ns})
  Destination:            alive_div_reg[20]/D
                            (rising edge-triggered cell FDRE clocked by sys_clk_pin  {rise@0.000ns fall@5.000ns period=10.000ns})
  Path Group:             sys_clk_pin
  Path Type:              Setup (Max at Slow Process Corner)
  Requirement:            10.000ns  (sys_clk_pin rise@10.000ns - sys_clk_pin rise@0.000ns)
  Data Path Delay:        2.290ns  (logic 1.809ns (78.989%)  route 0.481ns (21.011%))
  Logic Levels:           6  (CARRY4=6)
  Clock Path Skew:        -0.136ns (DCD - SCD + CPR)
    Destination Clock Delay (DCD):    5.019ns = ( 15.019 - 10.000 ) 
    Source Clock Delay      (SCD):    5.335ns
    Clock Pessimism Removal (CPR):    0.180ns
  Clock Uncertainty:      0.035ns  ((TSJ^2 + TIJ^2)^1/2 + DJ) / 2 + PE
    Total System Jitter     (TSJ):    0.071ns
    Total Input Jitter      (TIJ):    0.000ns
    Discrete Jitter          (DJ):    0.000ns
    Phase Error              (PE):    0.000ns

    Location             Delay type                Incr(ns)  Path(ns)    Netlist Resource(s)
  -------------------------------------------------------------------    -------------------
                         (clock sys_clk_pin rise edge)
                                                      0.000     0.000 r  
    E3                                                0.000     0.000 r  clk (IN)
                         net (fo=0)                   0.000     0.000    clk
    E3                   IBUF (Prop_ibuf_I_O)         1.482     1.482 r  clk_IBUF_inst/O
                         net (fo=1, routed)           2.025     3.506    clk_IBUF
    BUFGCTRL_X0Y16       BUFG (Prop_bufg_I_O)         0.096     3.602 r  clk_IBUF_BUFG_inst/O
                         net (fo=27, routed)          1.732     5.335    clk_IBUF_BUFG
    SLICE_X89Y95         FDRE                                         r  alive_div_reg[1]/C
  -------------------------------------------------------------------    -------------------
    SLICE_X89Y95         FDRE (Prop_fdre_C_Q)         0.456     5.791 r  alive_div_reg[1]/Q
                         net (fo=1, routed)           0.480     6.271    alive_div_reg_n_0_[1]
    SLICE_X89Y95         CARRY4 (Prop_carry4_S[1]_CO[3])
                                                      0.674     6.945 r  alive_div_reg[0]_i_1/CO[3]
                         net (fo=1, routed)           0.000     6.945    alive_div_reg[0]_i_1_n_0
    SLICE_X89Y96         CARRY4 (Prop_carry4_CI_CO[3])
                                                      0.114     7.059 r  alive_div_reg[4]_i_1/CO[3]
                         net (fo=1, routed)           0.000     7.059    alive_div_reg[4]_i_1_n_0
    SLICE_X89Y97         CARRY4 (Prop_carry4_CI_CO[3])
                                                      0.114     7.173 r  alive_div_reg[8]_i_1/CO[3]
                         net (fo=1, routed)           0.000     7.173    alive_div_reg[8]_i_1_n_0
    SLICE_X89Y98         CARRY4 (Prop_carry4_CI_CO[3])
                                                      0.114     7.287 r  alive_div_reg[12]_i_1/CO[3]
                         net (fo=1, routed)           0.000     7.287    alive_div_reg[12]_i_1_n_0
    SLICE_X89Y99         CARRY4 (Prop_carry4_CI_CO[3])
                                                      0.114     7.401 r  alive_div_reg[16]_i_1/CO[3]
                         net (fo=1, routed)           0.001     7.402    alive_div_reg[16]_i_1_n_0
    SLICE_X89Y100        CARRY4 (Prop_carry4_CI_O[0])
                                                      0.223     7.625 r  alive_div_reg[20]_i_1/O[0]
                         net (fo=1, routed)           0.000     7.625    alive_div_reg[20]_i_1_n_7
    SLICE_X89Y100        FDRE                                         r  alive_div_reg[20]/D
  -------------------------------------------------------------------    -------------------

                         (clock sys_clk_pin rise edge)
                                                     10.000    10.000 r  
    E3                                                0.000    10.000 r  clk (IN)
                         net (fo=0)                   0.000    10.000    clk
    E3                   IBUF (Prop_ibuf_I_O)         1.411    11.411 r  clk_IBUF_inst/O
                         net (fo=1, routed)           1.920    13.331    clk_IBUF
    BUFGCTRL_X0Y16       BUFG (Prop_bufg_I_O)         0.091    13.422 r  clk_IBUF_BUFG_inst/O
                         net (fo=27, routed)          1.597    15.019    clk_IBUF_BUFG
    SLICE_X89Y100        FDRE                                         r  alive_div_reg[20]/C
                         clock pessimism              0.180    15.199    
                         clock uncertainty           -0.035    15.164    
    SLICE_X89Y100        FDRE (Setup_fdre_C_D)        0.062    15.226    alive_div_reg[20]
  -------------------------------------------------------------------
                         required time                         15.226    
                         arrival time                          -7.625    
  -------------------------------------------------------------------
                         slack                                  7.601    

Slack (MET) :             7.716ns  (required time - arrival time)
  Source:                 alive_div_reg[1]/C
                            (rising edge-triggered cell FDRE clocked by sys_clk_pin  {rise@0.000ns fall@5.000ns period=10.000ns})
  Destination:            alive_div_reg[17]/D
                            (rising edge-triggered cell FDRE clocked by sys_clk_pin  {rise@0.000ns fall@5.000ns period=10.000ns})
  Path Group:             sys_clk_pin
  Path Type:              Setup (Max at Slow Process Corner)
  Requirement:            10.000ns  (sys_clk_pin rise@10.000ns - sys_clk_pin rise@0.000ns)
  Data Path Delay:        2.286ns  (logic 1.806ns (78.986%)  route 0.480ns (21.014%))
  Logic Levels:           5  (CARRY4=5)
  Clock Path Skew:        -0.024ns (DCD - SCD + CPR)
    Destination Clock Delay (DCD):    5.036ns = ( 15.036 - 10.000 ) 
    Source Clock Delay      (SCD):    5.335ns
    Clock Pessimism Removal (CPR):    0.275ns
  Clock Uncertainty:      0.035ns  ((TSJ^2 + TIJ^2)^1/2 + DJ) / 2 + PE
    Total System Jitter     (TSJ):    0.071ns
    Total Input Jitter      (TIJ):    0.000ns
    Discrete Jitter          (DJ):    0.000ns
    Phase Error              (PE):    0.000ns

    Location             Delay type                Incr(ns)  Path(ns)    Netlist Resource(s)
  -------------------------------------------------------------------    -------------------
                         (clock sys_clk_pin rise edge)
                                                      0.000     0.000 r  
    E3                                                0.000     0.000 r  clk (IN)
                         net (fo=0)                   0.000     0.000    clk
    E3                   IBUF (Prop_ibuf_I_O)         1.482     1.482 r  clk_IBUF_inst/O
                         net (fo=1, routed)           2.025     3.506    clk_IBUF
    BUFGCTRL_X0Y16       BUFG (Prop_bufg_I_O)         0.096     3.602 r  clk_IBUF_BUFG_inst/O
                         net (fo=27, routed)          1.732     5.335    clk_IBUF_BUFG
    SLICE_X89Y95         FDRE                                         r  alive_div_reg[1]/C
  -------------------------------------------------------------------    -------------------
    SLICE_X89Y95         FDRE (Prop_fdre_C_Q)         0.456     5.791 r  alive_div_reg[1]/Q
                         net (fo=1, routed)           0.480     6.271    alive_div_reg_n_0_[1]
    SLICE_X89Y95         CARRY4 (Prop_carry4_S[1]_CO[3])
                                                      0.674     6.945 r  alive_div_reg[0]_i_1/CO[3]
                         net (fo=1, routed)           0.000     6.945    alive_div_reg[0]_i_1_n_0
    SLICE_X89Y96         CARRY4 (Prop_carry4_CI_CO[3])
                                                      0.114     7.059 r  alive_div_reg[4]_i_1/CO[3]
                         net (fo=1, routed)           0.000     7.059    alive_div_reg[4]_i_1_n_0
    SLICE_X89Y97         CARRY4 (Prop_carry4_CI_CO[3])
                                                      0.114     7.173 r  alive_div_reg[8]_i_1/CO[3]
                         net (fo=1, routed)           0.000     7.173    alive_div_reg[8]_i_1_n_0
    SLICE_X89Y98         CARRY4 (Prop_carry4_CI_CO[3])
                                                      0.114     7.287 r  alive_div_reg[12]_i_1/CO[3]
                         net (fo=1, routed)           0.000     7.287    alive_div_reg[12]_i_1_n_0
    SLICE_X89Y99         CARRY4 (Prop_carry4_CI_O[1])
                                                      0.334     7.621 r  alive_div_reg[16]_i_1/O[1]
                         net (fo=1, routed)           0.000     7.621    alive_div_reg[16]_i_1_n_6
    SLICE_X89Y99         FDRE                                         r  alive_div_reg[17]/D
  -------------------------------------------------------------------    -------------------

                         (clock sys_clk_pin rise edge)
                                                     10.000    10.000 r  
    E3                                                0.000    10.000 r  clk (IN)
                         net (fo=0)                   0.000    10.000    clk
    E3                   IBUF (Prop_ibuf_I_O)         1.411    11.411 r  clk_IBUF_inst/O
                         net (fo=1, routed)           1.920    13.331    clk_IBUF
    BUFGCTRL_X0Y16       BUFG (Prop_bufg_I_O)         0.091    13.422 r  clk_IBUF_BUFG_inst/O
                         net (fo=27, routed)          1.613    15.036    clk_IBUF_BUFG
    SLICE_X89Y99         FDRE                                         r  alive_div_reg[17]/C
                         clock pessimism              0.275    15.311    
                         clock uncertainty           -0.035    15.275    
    SLICE_X89Y99         FDRE (Setup_fdre_C_D)        0.062    15.337    alive_div_reg[17]
  -------------------------------------------------------------------
                         required time                         15.337    
                         arrival time                          -7.621    
  -------------------------------------------------------------------
                         slack                                  7.716    

Slack (MET) :             7.737ns  (required time - arrival time)
  Source:                 alive_div_reg[1]/C
                            (rising edge-triggered cell FDRE clocked by sys_clk_pin  {rise@0.000ns fall@5.000ns period=10.000ns})
  Destination:            alive_div_reg[19]/D
                            (rising edge-triggered cell FDRE clocked by sys_clk_pin  {rise@0.000ns fall@5.000ns period=10.000ns})
  Path Group:             sys_clk_pin
  Path Type:              Setup (Max at Slow Process Corner)
  Requirement:            10.000ns  (sys_clk_pin rise@10.000ns - sys_clk_pin rise@0.000ns)
  Data Path Delay:        2.265ns  (logic 1.785ns (78.791%)  route 0.480ns (21.209%))
  Logic Levels:           5  (CARRY4=5)
  Clock Path Skew:        -0.024ns (DCD - SCD + CPR)
    Destination Clock Delay (DCD):    5.036ns = ( 15.036 - 10.000 ) 
    Source Clock Delay      (SCD):    5.335ns
    Clock Pessimism Removal (CPR):    0.275ns
  Clock Uncertainty:      0.035ns  ((TSJ^2 + TIJ^2)^1/2 + DJ) / 2 + PE
    Total System Jitter     (TSJ):    0.071ns
    Total Input Jitter      (TIJ):    0.000ns
    Discrete Jitter          (DJ):    0.000ns
    Phase Error              (PE):    0.000ns

    Location             Delay type                Incr(ns)  Path(ns)    Netlist Resource(s)
  -------------------------------------------------------------------    -------------------
                         (clock sys_clk_pin rise edge)
                                                      0.000     0.000 r  
    E3                                                0.000     0.000 r  clk (IN)
                         net (fo=0)                   0.000     0.000    clk
    E3                   IBUF (Prop_ibuf_I_O)         1.482     1.482 r  clk_IBUF_inst/O
                         net (fo=1, routed)           2.025     3.506    clk_IBUF
    BUFGCTRL_X0Y16       BUFG (Prop_bufg_I_O)         0.096     3.602 r  clk_IBUF_BUFG_inst/O
                         net (fo=27, routed)          1.732     5.335    clk_IBUF_BUFG
    SLICE_X89Y95         FDRE                                         r  alive_div_reg[1]/C
  -------------------------------------------------------------------    -------------------
    SLICE_X89Y95         FDRE (Prop_fdre_C_Q)         0.456     5.791 r  alive_div_reg[1]/Q
                         net (fo=1, routed)           0.480     6.271    alive_div_reg_n_0_[1]
    SLICE_X89Y95         CARRY4 (Prop_carry4_S[1]_CO[3])
                                                      0.674     6.945 r  alive_div_reg[0]_i_1/CO[3]
                         net (fo=1, routed)           0.000     6.945    alive_div_reg[0]_i_1_n_0
    SLICE_X89Y96         CARRY4 (Prop_carry4_CI_CO[3])
                                                      0.114     7.059 r  alive_div_reg[4]_i_1/CO[3]
                         net (fo=1, routed)           0.000     7.059    alive_div_reg[4]_i_1_n_0
    SLICE_X89Y97         CARRY4 (Prop_carry4_CI_CO[3])
                                                      0.114     7.173 r  alive_div_reg[8]_i_1/CO[3]
                         net (fo=1, routed)           0.000     7.173    alive_div_reg[8]_i_1_n_0
    SLICE_X89Y98         CARRY4 (Prop_carry4_CI_CO[3])
                                                      0.114     7.287 r  alive_div_reg[12]_i_1/CO[3]
                         net (fo=1, routed)           0.000     7.287    alive_div_reg[12]_i_1_n_0
    SLICE_X89Y99         CARRY4 (Prop_carry4_CI_O[3])
                                                      0.313     7.600 r  alive_div_reg[16]_i_1/O[3]
                         net (fo=1, routed)           0.000     7.600    alive_div_reg[16]_i_1_n_4
    SLICE_X89Y99         FDRE                                         r  alive_div_reg[19]/D
  -------------------------------------------------------------------    -------------------

                         (clock sys_clk_pin rise edge)
                                                     10.000    10.000 r  
    E3                                                0.000    10.000 r  clk (IN)
                         net (fo=0)                   0.000    10.000    clk
    E3                   IBUF (Prop_ibuf_I_O)         1.411    11.411 r  clk_IBUF_inst/O
                         net (fo=1, routed)           1.920    13.331    clk_IBUF
    BUFGCTRL_X0Y16       BUFG (Prop_bufg_I_O)         0.091    13.422 r  clk_IBUF_BUFG_inst/O
                         net (fo=27, routed)          1.613    15.036    clk_IBUF_BUFG
    SLICE_X89Y99         FDRE                                         r  alive_div_reg[19]/C
                         clock pessimism              0.275    15.311    
                         clock uncertainty           -0.035    15.275    
    SLICE_X89Y99         FDRE (Setup_fdre_C_D)        0.062    15.337    alive_div_reg[19]
  -------------------------------------------------------------------
                         required time                         15.337    
                         arrival time                          -7.600    
  -------------------------------------------------------------------
                         slack                                  7.737    

Slack (MET) :             7.811ns  (required time - arrival time)
  Source:                 alive_div_reg[1]/C
                            (rising edge-triggered cell FDRE clocked by sys_clk_pin  {rise@0.000ns fall@5.000ns period=10.000ns})
  Destination:            alive_div_reg[18]/D
                            (rising edge-triggered cell FDRE clocked by sys_clk_pin  {rise@0.000ns fall@5.000ns period=10.000ns})
  Path Group:             sys_clk_pin
  Path Type:              Setup (Max at Slow Process Corner)
  Requirement:            10.000ns  (sys_clk_pin rise@10.000ns - sys_clk_pin rise@0.000ns)
  Data Path Delay:        2.191ns  (logic 1.711ns (78.075%)  route 0.480ns (21.925%))
  Logic Levels:           5  (CARRY4=5)
  Clock Path Skew:        -0.024ns (DCD - SCD + CPR)
    Destination Clock Delay (DCD):    5.036ns = ( 15.036 - 10.000 ) 
    Source Clock Delay      (SCD):    5.335ns
    Clock Pessimism Removal (CPR):    0.275ns
  Clock Uncertainty:      0.035ns  ((TSJ^2 + TIJ^2)^1/2 + DJ) / 2 + PE
    Total System Jitter     (TSJ):    0.071ns
    Total Input Jitter      (TIJ):    0.000ns
    Discrete Jitter          (DJ):    0.000ns
    Phase Error              (PE):    0.000ns

    Location             Delay type                Incr(ns)  Path(ns)    Netlist Resource(s)
  -------------------------------------------------------------------    -------------------
                         (clock sys_clk_pin rise edge)
                                                      0.000     0.000 r  
    E3                                                0.000     0.000 r  clk (IN)
                         net (fo=0)                   0.000     0.000    clk
    E3                   IBUF (Prop_ibuf_I_O)         1.482     1.482 r  clk_IBUF_inst/O
                         net (fo=1, routed)           2.025     3.506    clk_IBUF
    BUFGCTRL_X0Y16       BUFG (Prop_bufg_I_O)         0.096     3.602 r  clk_IBUF_BUFG_inst/O
                         net (fo=27, routed)          1.732     5.335    clk_IBUF_BUFG
    SLICE_X89Y95         FDRE                                         r  alive_div_reg[1]/C
  -------------------------------------------------------------------    -------------------
    SLICE_X89Y95         FDRE (Prop_fdre_C_Q)         0.456     5.791 r  alive_div_reg[1]/Q
                         net (fo=1, routed)           0.480     6.271    alive_div_reg_n_0_[1]
    SLICE_X89Y95         CARRY4 (Prop_carry4_S[1]_CO[3])
                                                      0.674     6.945 r  alive_div_reg[0]_i_1/CO[3]
                         net (fo=1, routed)           0.000     6.945    alive_div_reg[0]_i_1_n_0
    SLICE_X89Y96         CARRY4 (Prop_carry4_CI_CO[3])
                                                      0.114     7.059 r  alive_div_reg[4]_i_1/CO[3]
                         net (fo=1, routed)           0.000     7.059    alive_div_reg[4]_i_1_n_0
    SLICE_X89Y97         CARRY4 (Prop_carry4_CI_CO[3])
                                                      0.114     7.173 r  alive_div_reg[8]_i_1/CO[3]
                         net (fo=1, routed)           0.000     7.173    alive_div_reg[8]_i_1_n_0
    SLICE_X89Y98         CARRY4 (Prop_carry4_CI_CO[3])
                                                      0.114     7.287 r  alive_div_reg[12]_i_1/CO[3]
                         net (fo=1, routed)           0.000     7.287    alive_div_reg[12]_i_1_n_0
    SLICE_X89Y99         CARRY4 (Prop_carry4_CI_O[2])
                                                      0.239     7.526 r  alive_div_reg[16]_i_1/O[2]
                         net (fo=1, routed)           0.000     7.526    alive_div_reg[16]_i_1_n_5
    SLICE_X89Y99         FDRE                                         r  alive_div_reg[18]/D
  -------------------------------------------------------------------    -------------------

                         (clock sys_clk_pin rise edge)
                                                     10.000    10.000 r  
    E3                                                0.000    10.000 r  clk (IN)
                         net (fo=0)                   0.000    10.000    clk
    E3                   IBUF (Prop_ibuf_I_O)         1.411    11.411 r  clk_IBUF_inst/O
                         net (fo=1, routed)           1.920    13.331    clk_IBUF
    BUFGCTRL_X0Y16       BUFG (Prop_bufg_I_O)         0.091    13.422 r  clk_IBUF_BUFG_inst/O
                         net (fo=27, routed)          1.613    15.036    clk_IBUF_BUFG
    SLICE_X89Y99         FDRE                                         r  alive_div_reg[18]/C
                         clock pessimism              0.275    15.311    
                         clock uncertainty           -0.035    15.275    
    SLICE_X89Y99         FDRE (Setup_fdre_C_D)        0.062    15.337    alive_div_reg[18]
  -------------------------------------------------------------------
                         required time                         15.337    
                         arrival time                          -7.526    
  -------------------------------------------------------------------
                         slack                                  7.811    

Slack (MET) :             7.827ns  (required time - arrival time)
  Source:                 alive_div_reg[1]/C
                            (rising edge-triggered cell FDRE clocked by sys_clk_pin  {rise@0.000ns fall@5.000ns period=10.000ns})
  Destination:            alive_div_reg[16]/D
                            (rising edge-triggered cell FDRE clocked by sys_clk_pin  {rise@0.000ns fall@5.000ns period=10.000ns})
  Path Group:             sys_clk_pin
  Path Type:              Setup (Max at Slow Process Corner)
  Requirement:            10.000ns  (sys_clk_pin rise@10.000ns - sys_clk_pin rise@0.000ns)
  Data Path Delay:        2.175ns  (logic 1.695ns (77.914%)  route 0.480ns (22.086%))
  Logic Levels:           5  (CARRY4=5)
  Clock Path Skew:        -0.024ns (DCD - SCD + CPR)
    Destination Clock Delay (DCD):    5.036ns = ( 15.036 - 10.000 ) 
    Source Clock Delay      (SCD):    5.335ns
    Clock Pessimism Removal (CPR):    0.275ns
  Clock Uncertainty:      0.035ns  ((TSJ^2 + TIJ^2)^1/2 + DJ) / 2 + PE
    Total System Jitter     (TSJ):    0.071ns
    Total Input Jitter      (TIJ):    0.000ns
    Discrete Jitter          (DJ):    0.000ns
    Phase Error              (PE):    0.000ns

    Location             Delay type                Incr(ns)  Path(ns)    Netlist Resource(s)
  -------------------------------------------------------------------    -------------------
                         (clock sys_clk_pin rise edge)
                                                      0.000     0.000 r  
    E3                                                0.000     0.000 r  clk (IN)
                         net (fo=0)                   0.000     0.000    clk
    E3                   IBUF (Prop_ibuf_I_O)         1.482     1.482 r  clk_IBUF_inst/O
                         net (fo=1, routed)           2.025     3.506    clk_IBUF
    BUFGCTRL_X0Y16       BUFG (Prop_bufg_I_O)         0.096     3.602 r  clk_IBUF_BUFG_inst/O
                         net (fo=27, routed)          1.732     5.335    clk_IBUF_BUFG
    SLICE_X89Y95         FDRE                                         r  alive_div_reg[1]/C
  -------------------------------------------------------------------    -------------------
    SLICE_X89Y95         FDRE (Prop_fdre_C_Q)         0.456     5.791 r  alive_div_reg[1]/Q
                         net (fo=1, routed)           0.480     6.271    alive_div_reg_n_0_[1]
    SLICE_X89Y95         CARRY4 (Prop_carry4_S[1]_CO[3])
                                                      0.674     6.945 r  alive_div_reg[0]_i_1/CO[3]
                         net (fo=1, routed)           0.000     6.945    alive_div_reg[0]_i_1_n_0
    SLICE_X89Y96         CARRY4 (Prop_carry4_CI_CO[3])
                                                      0.114     7.059 r  alive_div_reg[4]_i_1/CO[3]
                         net (fo=1, routed)           0.000     7.059    alive_div_reg[4]_i_1_n_0
    SLICE_X89Y97         CARRY4 (Prop_carry4_CI_CO[3])
                                                      0.114     7.173 r  alive_div_reg[8]_i_1/CO[3]
                         net (fo=1, routed)           0.000     7.173    alive_div_reg[8]_i_1_n_0
    SLICE_X89Y98         CARRY4 (Prop_carry4_CI_CO[3])
                                                      0.114     7.287 r  alive_div_reg[12]_i_1/CO[3]
                         net (fo=1, routed)           0.000     7.287    alive_div_reg[12]_i_1_n_0
    SLICE_X89Y99         CARRY4 (Prop_carry4_CI_O[0])
                                                      0.223     7.510 r  alive_div_reg[16]_i_1/O[0]
                         net (fo=1, routed)           0.000     7.510    alive_div_reg[16]_i_1_n_7
    SLICE_X89Y99         FDRE                                         r  alive_div_reg[16]/D
  -------------------------------------------------------------------    -------------------

                         (clock sys_clk_pin rise edge)
                                                     10.000    10.000 r  
    E3                                                0.000    10.000 r  clk (IN)
                         net (fo=0)                   0.000    10.000    clk
    E3                   IBUF (Prop_ibuf_I_O)         1.411    11.411 r  clk_IBUF_inst/O
                         net (fo=1, routed)           1.920    13.331    clk_IBUF
    BUFGCTRL_X0Y16       BUFG (Prop_bufg_I_O)         0.091    13.422 r  clk_IBUF_BUFG_inst/O
                         net (fo=27, routed)          1.613    15.036    clk_IBUF_BUFG
    SLICE_X89Y99         FDRE                                         r  alive_div_reg[16]/C
                         clock pessimism              0.275    15.311    
                         clock uncertainty           -0.035    15.275    
    SLICE_X89Y99         FDRE (Setup_fdre_C_D)        0.062    15.337    alive_div_reg[16]
  -------------------------------------------------------------------
                         required time                         15.337    
                         arrival time                          -7.510    
  -------------------------------------------------------------------
                         slack                                  7.827    





Min Delay Paths
--------------------------------------------------------------------------------------
Slack (MET) :             0.093ns  (arrival time - required time)
  Source:                 alive_div_reg[19]/C
                            (rising edge-triggered cell FDRE clocked by sys_clk_pin  {rise@0.000ns fall@5.000ns period=10.000ns})
  Destination:            alive_div_reg[20]/D
                            (rising edge-triggered cell FDRE clocked by sys_clk_pin  {rise@0.000ns fall@5.000ns period=10.000ns})
  Path Group:             sys_clk_pin
  Path Type:              Hold (Min at Fast Process Corner)
  Requirement:            0.000ns  (sys_clk_pin rise@0.000ns - sys_clk_pin rise@0.000ns)
  Data Path Delay:        0.464ns  (logic 0.355ns (76.531%)  route 0.109ns (23.469%))
  Logic Levels:           2  (CARRY4=2)
  Clock Path Skew:        0.266ns (DCD - SCD - CPR)
    Destination Clock Delay (DCD):    2.039ns
    Source Clock Delay      (SCD):    1.527ns
    Clock Pessimism Removal (CPR):    0.245ns

    Location             Delay type                Incr(ns)  Path(ns)    Netlist Resource(s)
  -------------------------------------------------------------------    -------------------
                         (clock sys_clk_pin rise edge)
                                                      0.000     0.000 r  
    E3                                                0.000     0.000 r  clk (IN)
                         net (fo=0)                   0.000     0.000    clk
    E3                   IBUF (Prop_ibuf_I_O)         0.250     0.250 r  clk_IBUF_inst/O
                         net (fo=1, routed)           0.644     0.894    clk_IBUF
    BUFGCTRL_X0Y16       BUFG (Prop_bufg_I_O)         0.026     0.920 r  clk_IBUF_BUFG_inst/O
                         net (fo=27, routed)          0.608     1.527    clk_IBUF_BUFG
    SLICE_X89Y99         FDRE                                         r  alive_div_reg[19]/C
  -------------------------------------------------------------------    -------------------
    SLICE_X89Y99         FDRE (Prop_fdre_C_Q)         0.141     1.668 r  alive_div_reg[19]/Q
                         net (fo=1, routed)           0.108     1.777    alive_div_reg_n_0_[19]
    SLICE_X89Y99         CARRY4 (Prop_carry4_S[3]_CO[3])
                                                      0.160     1.937 r  alive_div_reg[16]_i_1/CO[3]
                         net (fo=1, routed)           0.001     1.937    alive_div_reg[16]_i_1_n_0
    SLICE_X89Y100        CARRY4 (Prop_carry4_CI_O[0])
                                                      0.054     1.991 r  alive_div_reg[20]_i_1/O[0]
                         net (fo=1, routed)           0.000     1.991    alive_div_reg[20]_i_1_n_7
    SLICE_X89Y100        FDRE                                         r  alive_div_reg[20]/D
  -------------------------------------------------------------------    -------------------

                         (clock sys_clk_pin rise edge)
                                                      0.000     0.000 r  
    E3                                                0.000     0.000 r  clk (IN)
                         net (fo=0)                   0.000     0.000    clk
    E3                   IBUF (Prop_ibuf_I_O)         0.438     0.438 r  clk_IBUF_inst/O
                         net (fo=1, routed)           0.699     1.136    clk_IBUF
    BUFGCTRL_X0Y16       BUFG (Prop_bufg_I_O)         0.029     1.165 r  clk_IBUF_BUFG_inst/O
                         net (fo=27, routed)          0.873     2.039    clk_IBUF_BUFG
    SLICE_X89Y100        FDRE                                         r  alive_div_reg[20]/C
                         clock pessimism             -0.245     1.793    
    SLICE_X89Y100        FDRE (Hold_fdre_C_D)         0.105     1.898    alive_div_reg[20]
  -------------------------------------------------------------------
                         required time                         -1.898    
                         arrival time                           1.991    
  -------------------------------------------------------------------
                         slack                                  0.093    

Slack (MET) :             0.104ns  (arrival time - required time)
  Source:                 alive_div_reg[19]/C
                            (rising edge-triggered cell FDRE clocked by sys_clk_pin  {rise@0.000ns fall@5.000ns period=10.000ns})
  Destination:            alive_div_reg[22]/D
                            (rising edge-triggered cell FDRE clocked by sys_clk_pin  {rise@0.000ns fall@5.000ns period=10.000ns})
  Path Group:             sys_clk_pin
  Path Type:              Hold (Min at Fast Process Corner)
  Requirement:            0.000ns  (sys_clk_pin rise@0.000ns - sys_clk_pin rise@0.000ns)
  Data Path Delay:        0.475ns  (logic 0.366ns (77.074%)  route 0.109ns (22.926%))
  Logic Levels:           2  (CARRY4=2)
  Clock Path Skew:        0.266ns (DCD - SCD - CPR)
    Destination Clock Delay (DCD):    2.039ns
    Source Clock Delay      (SCD):    1.527ns
    Clock Pessimism Removal (CPR):    0.245ns

    Location             Delay type                Incr(ns)  Path(ns)    Netlist Resource(s)
  -------------------------------------------------------------------    -------------------
                         (clock sys_clk_pin rise edge)
                                                      0.000     0.000 r  
    E3                                                0.000     0.000 r  clk (IN)
                         net (fo=0)                   0.000     0.000    clk
    E3                   IBUF (Prop_ibuf_I_O)         0.250     0.250 r  clk_IBUF_inst/O
                         net (fo=1, routed)           0.644     0.894    clk_IBUF
    BUFGCTRL_X0Y16       BUFG (Prop_bufg_I_O)         0.026     0.920 r  clk_IBUF_BUFG_inst/O
                         net (fo=27, routed)          0.608     1.527    clk_IBUF_BUFG
    SLICE_X89Y99         FDRE                                         r  alive_div_reg[19]/C
  -------------------------------------------------------------------    -------------------
    SLICE_X89Y99         FDRE (Prop_fdre_C_Q)         0.141     1.668 r  alive_div_reg[19]/Q
                         net (fo=1, routed)           0.108     1.777    alive_div_reg_n_0_[19]
    SLICE_X89Y99         CARRY4 (Prop_carry4_S[3]_CO[3])
                                                      0.160     1.937 r  alive_div_reg[16]_i_1/CO[3]
                         net (fo=1, routed)           0.001     1.937    alive_div_reg[16]_i_1_n_0
    SLICE_X89Y100        CARRY4 (Prop_carry4_CI_O[2])
                                                      0.065     2.002 r  alive_div_reg[20]_i_1/O[2]
                         net (fo=1, routed)           0.000     2.002    alive_div_reg[20]_i_1_n_5
    SLICE_X89Y100        FDRE                                         r  alive_div_reg[22]/D
  -------------------------------------------------------------------    -------------------

                         (clock sys_clk_pin rise edge)
                                                      0.000     0.000 r  
    E3                                                0.000     0.000 r  clk (IN)
                         net (fo=0)                   0.000     0.000    clk
    E3                   IBUF (Prop_ibuf_I_O)         0.438     0.438 r  clk_IBUF_inst/O
                         net (fo=1, routed)           0.699     1.136    clk_IBUF
    BUFGCTRL_X0Y16       BUFG (Prop_bufg_I_O)         0.029     1.165 r  clk_IBUF_BUFG_inst/O
                         net (fo=27, routed)          0.873     2.039    clk_IBUF_BUFG
    SLICE_X89Y100        FDRE                                         r  alive_div_reg[22]/C
                         clock pessimism             -0.245     1.793    
    SLICE_X89Y100        FDRE (Hold_fdre_C_D)         0.105     1.898    alive_div_reg[22]
  -------------------------------------------------------------------
                         required time                         -1.898    
                         arrival time                           2.002    
  -------------------------------------------------------------------
                         slack                                  0.104    

Slack (MET) :             0.129ns  (arrival time - required time)
  Source:                 alive_div_reg[19]/C
                            (rising edge-triggered cell FDRE clocked by sys_clk_pin  {rise@0.000ns fall@5.000ns period=10.000ns})
  Destination:            alive_div_reg[21]/D
                            (rising edge-triggered cell FDRE clocked by sys_clk_pin  {rise@0.000ns fall@5.000ns period=10.000ns})
  Path Group:             sys_clk_pin
  Path Type:              Hold (Min at Fast Process Corner)
  Requirement:            0.000ns  (sys_clk_pin rise@0.000ns - sys_clk_pin rise@0.000ns)
  Data Path Delay:        0.500ns  (logic 0.391ns (78.221%)  route 0.109ns (21.779%))
  Logic Levels:           2  (CARRY4=2)
  Clock Path Skew:        0.266ns (DCD - SCD - CPR)
    Destination Clock Delay (DCD):    2.039ns
    Source Clock Delay      (SCD):    1.527ns
    Clock Pessimism Removal (CPR):    0.245ns

    Location             Delay type                Incr(ns)  Path(ns)    Netlist Resource(s)
  -------------------------------------------------------------------    -------------------
                         (clock sys_clk_pin rise edge)
                                                      0.000     0.000 r  
    E3                                                0.000     0.000 r  clk (IN)
                         net (fo=0)                   0.000     0.000    clk
    E3                   IBUF (Prop_ibuf_I_O)         0.250     0.250 r  clk_IBUF_inst/O
                         net (fo=1, routed)           0.644     0.894    clk_IBUF
    BUFGCTRL_X0Y16       BUFG (Prop_bufg_I_O)         0.026     0.920 r  clk_IBUF_BUFG_inst/O
                         net (fo=27, routed)          0.608     1.527    clk_IBUF_BUFG
    SLICE_X89Y99         FDRE                                         r  alive_div_reg[19]/C
  -------------------------------------------------------------------    -------------------
    SLICE_X89Y99         FDRE (Prop_fdre_C_Q)         0.141     1.668 r  alive_div_reg[19]/Q
                         net (fo=1, routed)           0.108     1.777    alive_div_reg_n_0_[19]
    SLICE_X89Y99         CARRY4 (Prop_carry4_S[3]_CO[3])
                                                      0.160     1.937 r  alive_div_reg[16]_i_1/CO[3]
                         net (fo=1, routed)           0.001     1.937    alive_div_reg[16]_i_1_n_0
    SLICE_X89Y100        CARRY4 (Prop_carry4_CI_O[1])
                                                      0.090     2.027 r  alive_div_reg[20]_i_1/O[1]
                         net (fo=1, routed)           0.000     2.027    alive_div_reg[20]_i_1_n_6
    SLICE_X89Y100        FDRE                                         r  alive_div_reg[21]/D
  -------------------------------------------------------------------    -------------------

                         (clock sys_clk_pin rise edge)
                                                      0.000     0.000 r  
    E3                                                0.000     0.000 r  clk (IN)
                         net (fo=0)                   0.000     0.000    clk
    E3                   IBUF (Prop_ibuf_I_O)         0.438     0.438 r  clk_IBUF_inst/O
                         net (fo=1, routed)           0.699     1.136    clk_IBUF
    BUFGCTRL_X0Y16       BUFG (Prop_bufg_I_O)         0.029     1.165 r  clk_IBUF_BUFG_inst/O
                         net (fo=27, routed)          0.873     2.039    clk_IBUF_BUFG
    SLICE_X89Y100        FDRE                                         r  alive_div_reg[21]/C
                         clock pessimism             -0.245     1.793    
    SLICE_X89Y100        FDRE (Hold_fdre_C_D)         0.105     1.898    alive_div_reg[21]
  -------------------------------------------------------------------
                         required time                         -1.898    
                         arrival time                           2.027    
  -------------------------------------------------------------------
                         slack                                  0.129    

Slack (MET) :             0.129ns  (arrival time - required time)
  Source:                 alive_div_reg[19]/C
                            (rising edge-triggered cell FDRE clocked by sys_clk_pin  {rise@0.000ns fall@5.000ns period=10.000ns})
  Destination:            alive_div_reg[23]/D
                            (rising edge-triggered cell FDRE clocked by sys_clk_pin  {rise@0.000ns fall@5.000ns period=10.000ns})
  Path Group:             sys_clk_pin
  Path Type:              Hold (Min at Fast Process Corner)
  Requirement:            0.000ns  (sys_clk_pin rise@0.000ns - sys_clk_pin rise@0.000ns)
  Data Path Delay:        0.500ns  (logic 0.391ns (78.221%)  route 0.109ns (21.779%))
  Logic Levels:           2  (CARRY4=2)
  Clock Path Skew:        0.266ns (DCD - SCD - CPR)
    Destination Clock Delay (DCD):    2.039ns
    Source Clock Delay      (SCD):    1.527ns
    Clock Pessimism Removal (CPR):    0.245ns

    Location             Delay type                Incr(ns)  Path(ns)    Netlist Resource(s)
  -------------------------------------------------------------------    -------------------
                         (clock sys_clk_pin rise edge)
                                                      0.000     0.000 r  
    E3                                                0.000     0.000 r  clk (IN)
                         net (fo=0)                   0.000     0.000    clk
    E3                   IBUF (Prop_ibuf_I_O)         0.250     0.250 r  clk_IBUF_inst/O
                         net (fo=1, routed)           0.644     0.894    clk_IBUF
    BUFGCTRL_X0Y16       BUFG (Prop_bufg_I_O)         0.026     0.920 r  clk_IBUF_BUFG_inst/O
                         net (fo=27, routed)          0.608     1.527    clk_IBUF_BUFG
    SLICE_X89Y99         FDRE                                         r  alive_div_reg[19]/C
  -------------------------------------------------------------------    -------------------
    SLICE_X89Y99         FDRE (Prop_fdre_C_Q)         0.141     1.668 r  alive_div_reg[19]/Q
                         net (fo=1, routed)           0.108     1.777    alive_div_reg_n_0_[19]
    SLICE_X89Y99         CARRY4 (Prop_carry4_S[3]_CO[3])
                                                      0.160     1.937 r  alive_div_reg[16]_i_1/CO[3]
                         net (fo=1, routed)           0.001     1.937    alive_div_reg[16]_i_1_n_0
    SLICE_X89Y100        CARRY4 (Prop_carry4_CI_O[3])
                                                      0.090     2.027 r  alive_div_reg[20]_i_1/O[3]
                         net (fo=1, routed)           0.000     2.027    alive_div_reg[20]_i_1_n_4
    SLICE_X89Y100        FDRE                                         r  alive_div_reg[23]/D
  -------------------------------------------------------------------    -------------------

                         (clock sys_clk_pin rise edge)
                                                      0.000     0.000 r  
    E3                                                0.000     0.000 r  clk (IN)
                         net (fo=0)                   0.000     0.000    clk
    E3                   IBUF (Prop_ibuf_I_O)         0.438     0.438 r  clk_IBUF_inst/O
                         net (fo=1, routed)           0.699     1.136    clk_IBUF
    BUFGCTRL_X0Y16       BUFG (Prop_bufg_I_O)         0.029     1.165 r  clk_IBUF_BUFG_inst/O
                         net (fo=27, routed)          0.873     2.039    clk_IBUF_BUFG
    SLICE_X89Y100        FDRE                                         r  alive_div_reg[23]/C
                         clock pessimism             -0.245     1.793    
    SLICE_X89Y100        FDRE (Hold_fdre_C_D)         0.105     1.898    alive_div_reg[23]
  -------------------------------------------------------------------
                         required time                         -1.898    
                         arrival time                           2.027    
  -------------------------------------------------------------------
                         slack                                  0.129    

Slack (MET) :             0.132ns  (arrival time - required time)
  Source:                 alive_div_reg[19]/C
                            (rising edge-triggered cell FDRE clocked by sys_clk_pin  {rise@0.000ns fall@5.000ns period=10.000ns})
  Destination:            alive_div_reg[24]/D
                            (rising edge-triggered cell FDRE clocked by sys_clk_pin  {rise@0.000ns fall@5.000ns period=10.000ns})
  Path Group:             sys_clk_pin
  Path Type:              Hold (Min at Fast Process Corner)
  Requirement:            0.000ns  (sys_clk_pin rise@0.000ns - sys_clk_pin rise@0.000ns)
  Data Path Delay:        0.503ns  (logic 0.394ns (78.351%)  route 0.109ns (21.649%))
  Logic Levels:           3  (CARRY4=3)
  Clock Path Skew:        0.266ns (DCD - SCD - CPR)
    Destination Clock Delay (DCD):    2.039ns
    Source Clock Delay      (SCD):    1.527ns
    Clock Pessimism Removal (CPR):    0.245ns

    Location             Delay type                Incr(ns)  Path(ns)    Netlist Resource(s)
  -------------------------------------------------------------------    -------------------
                         (clock sys_clk_pin rise edge)
                                                      0.000     0.000 r  
    E3                                                0.000     0.000 r  clk (IN)
                         net (fo=0)                   0.000     0.000    clk
    E3                   IBUF (Prop_ibuf_I_O)         0.250     0.250 r  clk_IBUF_inst/O
                         net (fo=1, routed)           0.644     0.894    clk_IBUF
    BUFGCTRL_X0Y16       BUFG (Prop_bufg_I_O)         0.026     0.920 r  clk_IBUF_BUFG_inst/O
                         net (fo=27, routed)          0.608     1.527    clk_IBUF_BUFG
    SLICE_X89Y99         FDRE                                         r  alive_div_reg[19]/C
  -------------------------------------------------------------------    -------------------
    SLICE_X89Y99         FDRE (Prop_fdre_C_Q)         0.141     1.668 r  alive_div_reg[19]/Q
                         net (fo=1, routed)           0.108     1.777    alive_div_reg_n_0_[19]
    SLICE_X89Y99         CARRY4 (Prop_carry4_S[3]_CO[3])
                                                      0.160     1.937 r  alive_div_reg[16]_i_1/CO[3]
                         net (fo=1, routed)           0.001     1.937    alive_div_reg[16]_i_1_n_0
    SLICE_X89Y100        CARRY4 (Prop_carry4_CI_CO[3])
                                                      0.039     1.976 r  alive_div_reg[20]_i_1/CO[3]
                         net (fo=1, routed)           0.000     1.976    alive_div_reg[20]_i_1_n_0
    SLICE_X89Y101        CARRY4 (Prop_carry4_CI_O[0])
                                                      0.054     2.030 r  alive_div_reg[24]_i_1/O[0]
                         net (fo=1, routed)           0.000     2.030    alive_div_reg[24]_i_1_n_7
    SLICE_X89Y101        FDRE                                         r  alive_div_reg[24]/D
  -------------------------------------------------------------------    -------------------

                         (clock sys_clk_pin rise edge)
                                                      0.000     0.000 r  
    E3                                                0.000     0.000 r  clk (IN)
                         net (fo=0)                   0.000     0.000    clk
    E3                   IBUF (Prop_ibuf_I_O)         0.438     0.438 r  clk_IBUF_inst/O
                         net (fo=1, routed)           0.699     1.136    clk_IBUF
    BUFGCTRL_X0Y16       BUFG (Prop_bufg_I_O)         0.029     1.165 r  clk_IBUF_BUFG_inst/O
                         net (fo=27, routed)          0.873     2.039    clk_IBUF_BUFG
    SLICE_X89Y101        FDRE                                         r  alive_div_reg[24]/C
                         clock pessimism             -0.245     1.793    
    SLICE_X89Y101        FDRE (Hold_fdre_C_D)         0.105     1.898    alive_div_reg[24]
  -------------------------------------------------------------------
                         required time                         -1.898    
                         arrival time                           2.030    
  -------------------------------------------------------------------
                         slack                                  0.132    

Slack (MET) :             0.168ns  (arrival time - required time)
  Source:                 alive_div_reg[19]/C
                            (rising edge-triggered cell FDRE clocked by sys_clk_pin  {rise@0.000ns fall@5.000ns period=10.000ns})
  Destination:            alive_div_reg[25]/D
                            (rising edge-triggered cell FDRE clocked by sys_clk_pin  {rise@0.000ns fall@5.000ns period=10.000ns})
  Path Group:             sys_clk_pin
  Path Type:              Hold (Min at Fast Process Corner)
  Requirement:            0.000ns  (sys_clk_pin rise@0.000ns - sys_clk_pin rise@0.000ns)
  Data Path Delay:        0.539ns  (logic 0.430ns (79.797%)  route 0.109ns (20.203%))
  Logic Levels:           3  (CARRY4=3)
  Clock Path Skew:        0.266ns (DCD - SCD - CPR)
    Destination Clock Delay (DCD):    2.039ns
    Source Clock Delay      (SCD):    1.527ns
    Clock Pessimism Removal (CPR):    0.245ns

    Location             Delay type                Incr(ns)  Path(ns)    Netlist Resource(s)
  -------------------------------------------------------------------    -------------------
                         (clock sys_clk_pin rise edge)
                                                      0.000     0.000 r  
    E3                                                0.000     0.000 r  clk (IN)
                         net (fo=0)                   0.000     0.000    clk
    E3                   IBUF (Prop_ibuf_I_O)         0.250     0.250 r  clk_IBUF_inst/O
                         net (fo=1, routed)           0.644     0.894    clk_IBUF
    BUFGCTRL_X0Y16       BUFG (Prop_bufg_I_O)         0.026     0.920 r  clk_IBUF_BUFG_inst/O
                         net (fo=27, routed)          0.608     1.527    clk_IBUF_BUFG
    SLICE_X89Y99         FDRE                                         r  alive_div_reg[19]/C
  -------------------------------------------------------------------    -------------------
    SLICE_X89Y99         FDRE (Prop_fdre_C_Q)         0.141     1.668 r  alive_div_reg[19]/Q
                         net (fo=1, routed)           0.108     1.777    alive_div_reg_n_0_[19]
    SLICE_X89Y99         CARRY4 (Prop_carry4_S[3]_CO[3])
                                                      0.160     1.937 r  alive_div_reg[16]_i_1/CO[3]
                         net (fo=1, routed)           0.001     1.937    alive_div_reg[16]_i_1_n_0
    SLICE_X89Y100        CARRY4 (Prop_carry4_CI_CO[3])
                                                      0.039     1.976 r  alive_div_reg[20]_i_1/CO[3]
                         net (fo=1, routed)           0.000     1.976    alive_div_reg[20]_i_1_n_0
    SLICE_X89Y101        CARRY4 (Prop_carry4_CI_O[1])
                                                      0.090     2.066 r  alive_div_reg[24]_i_1/O[1]
                         net (fo=1, routed)           0.000     2.066    alive_div_reg[24]_i_1_n_6
    SLICE_X89Y101        FDRE                                         r  alive_div_reg[25]/D
  -------------------------------------------------------------------    -------------------

                         (clock sys_clk_pin rise edge)
                                                      0.000     0.000 r  
    E3                                                0.000     0.000 r  clk (IN)
                         net (fo=0)                   0.000     0.000    clk
    E3                   IBUF (Prop_ibuf_I_O)         0.438     0.438 r  clk_IBUF_inst/O
                         net (fo=1, routed)           0.699     1.136    clk_IBUF
    BUFGCTRL_X0Y16       BUFG (Prop_bufg_I_O)         0.029     1.165 r  clk_IBUF_BUFG_inst/O
                         net (fo=27, routed)          0.873     2.039    clk_IBUF_BUFG
    SLICE_X89Y101        FDRE                                         r  alive_div_reg[25]/C
                         clock pessimism             -0.245     1.793    
    SLICE_X89Y101        FDRE (Hold_fdre_C_D)         0.105     1.898    alive_div_reg[25]
  -------------------------------------------------------------------
                         required time                         -1.898    
                         arrival time                           2.066    
  -------------------------------------------------------------------
                         slack                                  0.168    

Slack (MET) :             0.252ns  (arrival time - required time)
  Source:                 alive_div_reg[11]/C
                            (rising edge-triggered cell FDRE clocked by sys_clk_pin  {rise@0.000ns fall@5.000ns period=10.000ns})
  Destination:            alive_div_reg[11]/D
                            (rising edge-triggered cell FDRE clocked by sys_clk_pin  {rise@0.000ns fall@5.000ns period=10.000ns})
  Path Group:             sys_clk_pin
  Path Type:              Hold (Min at Fast Process Corner)
  Requirement:            0.000ns  (sys_clk_pin rise@0.000ns - sys_clk_pin rise@0.000ns)
  Data Path Delay:        0.357ns  (logic 0.249ns (69.714%)  route 0.108ns (30.286%))
  Logic Levels:           1  (CARRY4=1)
  Clock Path Skew:        0.000ns (DCD - SCD - CPR)
    Destination Clock Delay (DCD):    2.045ns
    Source Clock Delay      (SCD):    1.527ns
    Clock Pessimism Removal (CPR):    0.517ns

    Location             Delay type                Incr(ns)  Path(ns)    Netlist Resource(s)
  -------------------------------------------------------------------    -------------------
                         (clock sys_clk_pin rise edge)
                                                      0.000     0.000 r  
    E3                                                0.000     0.000 r  clk (IN)
                         net (fo=0)                   0.000     0.000    clk
    E3                   IBUF (Prop_ibuf_I_O)         0.250     0.250 r  clk_IBUF_inst/O
                         net (fo=1, routed)           0.644     0.894    clk_IBUF
    BUFGCTRL_X0Y16       BUFG (Prop_bufg_I_O)         0.026     0.920 r  clk_IBUF_BUFG_inst/O
                         net (fo=27, routed)          0.608     1.527    clk_IBUF_BUFG
    SLICE_X89Y97         FDRE                                         r  alive_div_reg[11]/C
  -------------------------------------------------------------------    -------------------
    SLICE_X89Y97         FDRE (Prop_fdre_C_Q)         0.141     1.668 r  alive_div_reg[11]/Q
                         net (fo=1, routed)           0.108     1.777    alive_div_reg_n_0_[11]
    SLICE_X89Y97         CARRY4 (Prop_carry4_S[3]_O[3])
                                                      0.108     1.885 r  alive_div_reg[8]_i_1/O[3]
                         net (fo=1, routed)           0.000     1.885    alive_div_reg[8]_i_1_n_4
    SLICE_X89Y97         FDRE                                         r  alive_div_reg[11]/D
  -------------------------------------------------------------------    -------------------

                         (clock sys_clk_pin rise edge)
                                                      0.000     0.000 r  
    E3                                                0.000     0.000 r  clk (IN)
                         net (fo=0)                   0.000     0.000    clk
    E3                   IBUF (Prop_ibuf_I_O)         0.438     0.438 r  clk_IBUF_inst/O
                         net (fo=1, routed)           0.699     1.136    clk_IBUF
    BUFGCTRL_X0Y16       BUFG (Prop_bufg_I_O)         0.029     1.165 r  clk_IBUF_BUFG_inst/O
                         net (fo=27, routed)          0.880     2.045    clk_IBUF_BUFG
    SLICE_X89Y97         FDRE                                         r  alive_div_reg[11]/C
                         clock pessimism             -0.517     1.527    
    SLICE_X89Y97         FDRE (Hold_fdre_C_D)         0.105     1.632    alive_div_reg[11]
  -------------------------------------------------------------------
                         required time                         -1.632    
                         arrival time                           1.885    
  -------------------------------------------------------------------
                         slack                                  0.252    

Slack (MET) :             0.252ns  (arrival time - required time)
  Source:                 alive_div_reg[15]/C
                            (rising edge-triggered cell FDRE clocked by sys_clk_pin  {rise@0.000ns fall@5.000ns period=10.000ns})
  Destination:            alive_div_reg[15]/D
                            (rising edge-triggered cell FDRE clocked by sys_clk_pin  {rise@0.000ns fall@5.000ns period=10.000ns})
  Path Group:             sys_clk_pin
  Path Type:              Hold (Min at Fast Process Corner)
  Requirement:            0.000ns  (sys_clk_pin rise@0.000ns - sys_clk_pin rise@0.000ns)
  Data Path Delay:        0.357ns  (logic 0.249ns (69.714%)  route 0.108ns (30.286%))
  Logic Levels:           1  (CARRY4=1)
  Clock Path Skew:        0.000ns (DCD - SCD - CPR)
    Destination Clock Delay (DCD):    2.045ns
    Source Clock Delay      (SCD):    1.527ns
    Clock Pessimism Removal (CPR):    0.517ns

    Location             Delay type                Incr(ns)  Path(ns)    Netlist Resource(s)
  -------------------------------------------------------------------    -------------------
                         (clock sys_clk_pin rise edge)
                                                      0.000     0.000 r  
    E3                                                0.000     0.000 r  clk (IN)
                         net (fo=0)                   0.000     0.000    clk
    E3                   IBUF (Prop_ibuf_I_O)         0.250     0.250 r  clk_IBUF_inst/O
                         net (fo=1, routed)           0.644     0.894    clk_IBUF
    BUFGCTRL_X0Y16       BUFG (Prop_bufg_I_O)         0.026     0.920 r  clk_IBUF_BUFG_inst/O
                         net (fo=27, routed)          0.608     1.527    clk_IBUF_BUFG
    SLICE_X89Y98         FDRE                                         r  alive_div_reg[15]/C
  -------------------------------------------------------------------    -------------------
    SLICE_X89Y98         FDRE (Prop_fdre_C_Q)         0.141     1.668 r  alive_div_reg[15]/Q
                         net (fo=1, routed)           0.108     1.777    alive_div_reg_n_0_[15]
    SLICE_X89Y98         CARRY4 (Prop_carry4_S[3]_O[3])
                                                      0.108     1.885 r  alive_div_reg[12]_i_1/O[3]
                         net (fo=1, routed)           0.000     1.885    alive_div_reg[12]_i_1_n_4
    SLICE_X89Y98         FDRE                                         r  alive_div_reg[15]/D
  -------------------------------------------------------------------    -------------------

                         (clock sys_clk_pin rise edge)
                                                      0.000     0.000 r  
    E3                                                0.000     0.000 r  clk (IN)
                         net (fo=0)                   0.000     0.000    clk
    E3                   IBUF (Prop_ibuf_I_O)         0.438     0.438 r  clk_IBUF_inst/O
                         net (fo=1, routed)           0.699     1.136    clk_IBUF
    BUFGCTRL_X0Y16       BUFG (Prop_bufg_I_O)         0.029     1.165 r  clk_IBUF_BUFG_inst/O
                         net (fo=27, routed)          0.880     2.045    clk_IBUF_BUFG
    SLICE_X89Y98         FDRE                                         r  alive_div_reg[15]/C
                         clock pessimism             -0.517     1.527    
    SLICE_X89Y98         FDRE (Hold_fdre_C_D)         0.105     1.632    alive_div_reg[15]
  -------------------------------------------------------------------
                         required time                         -1.632    
                         arrival time                           1.885    
  -------------------------------------------------------------------
                         slack                                  0.252    

Slack (MET) :             0.252ns  (arrival time - required time)
  Source:                 alive_div_reg[19]/C
                            (rising edge-triggered cell FDRE clocked by sys_clk_pin  {rise@0.000ns fall@5.000ns period=10.000ns})
  Destination:            alive_div_reg[19]/D
                            (rising edge-triggered cell FDRE clocked by sys_clk_pin  {rise@0.000ns fall@5.000ns period=10.000ns})
  Path Group:             sys_clk_pin
  Path Type:              Hold (Min at Fast Process Corner)
  Requirement:            0.000ns  (sys_clk_pin rise@0.000ns - sys_clk_pin rise@0.000ns)
  Data Path Delay:        0.357ns  (logic 0.249ns (69.714%)  route 0.108ns (30.286%))
  Logic Levels:           1  (CARRY4=1)
  Clock Path Skew:        0.000ns (DCD - SCD - CPR)
    Destination Clock Delay (DCD):    2.045ns
    Source Clock Delay      (SCD):    1.527ns
    Clock Pessimism Removal (CPR):    0.517ns

    Location             Delay type                Incr(ns)  Path(ns)    Netlist Resource(s)
  -------------------------------------------------------------------    -------------------
                         (clock sys_clk_pin rise edge)
                                                      0.000     0.000 r  
    E3                                                0.000     0.000 r  clk (IN)
                         net (fo=0)                   0.000     0.000    clk
    E3                   IBUF (Prop_ibuf_I_O)         0.250     0.250 r  clk_IBUF_inst/O
                         net (fo=1, routed)           0.644     0.894    clk_IBUF
    BUFGCTRL_X0Y16       BUFG (Prop_bufg_I_O)         0.026     0.920 r  clk_IBUF_BUFG_inst/O
                         net (fo=27, routed)          0.608     1.527    clk_IBUF_BUFG
    SLICE_X89Y99         FDRE                                         r  alive_div_reg[19]/C
  -------------------------------------------------------------------    -------------------
    SLICE_X89Y99         FDRE (Prop_fdre_C_Q)         0.141     1.668 r  alive_div_reg[19]/Q
                         net (fo=1, routed)           0.108     1.777    alive_div_reg_n_0_[19]
    SLICE_X89Y99         CARRY4 (Prop_carry4_S[3]_O[3])
                                                      0.108     1.885 r  alive_div_reg[16]_i_1/O[3]
                         net (fo=1, routed)           0.000     1.885    alive_div_reg[16]_i_1_n_4
    SLICE_X89Y99         FDRE                                         r  alive_div_reg[19]/D
  -------------------------------------------------------------------    -------------------

                         (clock sys_clk_pin rise edge)
                                                      0.000     0.000 r  
    E3                                                0.000     0.000 r  clk (IN)
                         net (fo=0)                   0.000     0.000    clk
    E3                   IBUF (Prop_ibuf_I_O)         0.438     0.438 r  clk_IBUF_inst/O
                         net (fo=1, routed)           0.699     1.136    clk_IBUF
    BUFGCTRL_X0Y16       BUFG (Prop_bufg_I_O)         0.029     1.165 r  clk_IBUF_BUFG_inst/O
                         net (fo=27, routed)          0.880     2.045    clk_IBUF_BUFG
    SLICE_X89Y99         FDRE                                         r  alive_div_reg[19]/C
                         clock pessimism             -0.517     1.527    
    SLICE_X89Y99         FDRE (Hold_fdre_C_D)         0.105     1.632    alive_div_reg[19]
  -------------------------------------------------------------------
                         required time                         -1.632    
                         arrival time                           1.885    
  -------------------------------------------------------------------
                         slack                                  0.252    

Slack (MET) :             0.252ns  (arrival time - required time)
  Source:                 alive_div_reg[3]/C
                            (rising edge-triggered cell FDRE clocked by sys_clk_pin  {rise@0.000ns fall@5.000ns period=10.000ns})
  Destination:            alive_div_reg[3]/D
                            (rising edge-triggered cell FDRE clocked by sys_clk_pin  {rise@0.000ns fall@5.000ns period=10.000ns})
  Path Group:             sys_clk_pin
  Path Type:              Hold (Min at Fast Process Corner)
  Requirement:            0.000ns  (sys_clk_pin rise@0.000ns - sys_clk_pin rise@0.000ns)
  Data Path Delay:        0.357ns  (logic 0.249ns (69.714%)  route 0.108ns (30.286%))
  Logic Levels:           1  (CARRY4=1)
  Clock Path Skew:        0.000ns (DCD - SCD - CPR)
    Destination Clock Delay (DCD):    2.044ns
    Source Clock Delay      (SCD):    1.526ns
    Clock Pessimism Removal (CPR):    0.517ns

    Location             Delay type                Incr(ns)  Path(ns)    Netlist Resource(s)
  -------------------------------------------------------------------    -------------------
                         (clock sys_clk_pin rise edge)
                                                      0.000     0.000 r  
    E3                                                0.000     0.000 r  clk (IN)
                         net (fo=0)                   0.000     0.000    clk
    E3                   IBUF (Prop_ibuf_I_O)         0.250     0.250 r  clk_IBUF_inst/O
                         net (fo=1, routed)           0.644     0.894    clk_IBUF
    BUFGCTRL_X0Y16       BUFG (Prop_bufg_I_O)         0.026     0.920 r  clk_IBUF_BUFG_inst/O
                         net (fo=27, routed)          0.607     1.526    clk_IBUF_BUFG
    SLICE_X89Y95         FDRE                                         r  alive_div_reg[3]/C
  -------------------------------------------------------------------    -------------------
    SLICE_X89Y95         FDRE (Prop_fdre_C_Q)         0.141     1.667 r  alive_div_reg[3]/Q
                         net (fo=1, routed)           0.108     1.776    alive_div_reg_n_0_[3]
    SLICE_X89Y95         CARRY4 (Prop_carry4_S[3]_O[3])
                                                      0.108     1.884 r  alive_div_reg[0]_i_1/O[3]
                         net (fo=1, routed)           0.000     1.884    alive_div_reg[0]_i_1_n_4
    SLICE_X89Y95         FDRE                                         r  alive_div_reg[3]/D
  -------------------------------------------------------------------    -------------------

                         (clock sys_clk_pin rise edge)
                                                      0.000     0.000 r  
    E3                                                0.000     0.000 r  clk (IN)
                         net (fo=0)                   0.000     0.000    clk
    E3                   IBUF (Prop_ibuf_I_O)         0.438     0.438 r  clk_IBUF_inst/O
                         net (fo=1, routed)           0.699     1.136    clk_IBUF
    BUFGCTRL_X0Y16       BUFG (Prop_bufg_I_O)         0.029     1.165 r  clk_IBUF_BUFG_inst/O
                         net (fo=27, routed)          0.879     2.044    clk_IBUF_BUFG
    SLICE_X89Y95         FDRE                                         r  alive_div_reg[3]/C
                         clock pessimism             -0.517     1.526    
    SLICE_X89Y95         FDRE (Hold_fdre_C_D)         0.105     1.631    alive_div_reg[3]
  -------------------------------------------------------------------
                         required time                         -1.631    
                         arrival time                           1.884    
  -------------------------------------------------------------------
                         slack                                  0.252    





Pulse Width Checks
--------------------------------------------------------------------------------------
Clock Name:         sys_clk_pin
Waveform(ns):       { 0.000 5.000 }
Period(ns):         10.000
Sources:            { clk }

Check Type        Corner  Lib Pin            Reference Pin  Required(ns)  Actual(ns)  Slack(ns)  Location         Pin
Min Period        n/a     BUFG/I             n/a            2.155         10.000      7.845      BUFGCTRL_X0Y16   clk_IBUF_BUFG_inst/I
Min Period        n/a     MMCME2_ADV/CLKIN1  n/a            1.249         10.000      8.751      MMCME2_ADV_X0Y0  u_mmcm/CLKIN1
Min Period        n/a     FDRE/C             n/a            1.000         10.000      9.000      SLICE_X89Y95     alive_div_reg[0]/C
Min Period        n/a     FDRE/C             n/a            1.000         10.000      9.000      SLICE_X89Y97     alive_div_reg[10]/C
Min Period        n/a     FDRE/C             n/a            1.000         10.000      9.000      SLICE_X89Y97     alive_div_reg[11]/C
Min Period        n/a     FDRE/C             n/a            1.000         10.000      9.000      SLICE_X89Y98     alive_div_reg[12]/C
Min Period        n/a     FDRE/C             n/a            1.000         10.000      9.000      SLICE_X89Y98     alive_div_reg[13]/C
Min Period        n/a     FDRE/C             n/a            1.000         10.000      9.000      SLICE_X89Y98     alive_div_reg[14]/C
Min Period        n/a     FDRE/C             n/a            1.000         10.000      9.000      SLICE_X89Y98     alive_div_reg[15]/C
Min Period        n/a     FDRE/C             n/a            1.000         10.000      9.000      SLICE_X89Y99     alive_div_reg[16]/C
Max Period        n/a     MMCME2_ADV/CLKIN1  n/a            100.000       10.000      90.000     MMCME2_ADV_X0Y0  u_mmcm/CLKIN1
Low Pulse Width   Slow    MMCME2_ADV/CLKIN1  n/a            2.000         5.000       3.000      MMCME2_ADV_X0Y0  u_mmcm/CLKIN1
Low Pulse Width   Fast    MMCME2_ADV/CLKIN1  n/a            2.000         5.000       3.000      MMCME2_ADV_X0Y0  u_mmcm/CLKIN1
Low Pulse Width   Slow    FDRE/C             n/a            0.500         5.000       4.500      SLICE_X89Y95     alive_div_reg[0]/C
Low Pulse Width   Fast    FDRE/C             n/a            0.500         5.000       4.500      SLICE_X89Y95     alive_div_reg[0]/C
Low Pulse Width   Slow    FDRE/C             n/a            0.500         5.000       4.500      SLICE_X89Y97     alive_div_reg[10]/C
Low Pulse Width   Fast    FDRE/C             n/a            0.500         5.000       4.500      SLICE_X89Y97     alive_div_reg[10]/C
Low Pulse Width   Slow    FDRE/C             n/a            0.500         5.000       4.500      SLICE_X89Y97     alive_div_reg[11]/C
Low Pulse Width   Fast    FDRE/C             n/a            0.500         5.000       4.500      SLICE_X89Y97     alive_div_reg[11]/C
Low Pulse Width   Slow    FDRE/C             n/a            0.500         5.000       4.500      SLICE_X89Y98     alive_div_reg[12]/C
Low Pulse Width   Fast    FDRE/C             n/a            0.500         5.000       4.500      SLICE_X89Y98     alive_div_reg[12]/C
High Pulse Width  Slow    MMCME2_ADV/CLKIN1  n/a            2.000         5.000       3.000      MMCME2_ADV_X0Y0  u_mmcm/CLKIN1
High Pulse Width  Fast    MMCME2_ADV/CLKIN1  n/a            2.000         5.000       3.000      MMCME2_ADV_X0Y0  u_mmcm/CLKIN1
High Pulse Width  Slow    FDRE/C             n/a            0.500         5.000       4.500      SLICE_X89Y95     alive_div_reg[0]/C
High Pulse Width  Fast    FDRE/C             n/a            0.500         5.000       4.500      SLICE_X89Y95     alive_div_reg[0]/C
High Pulse Width  Slow    FDRE/C             n/a            0.500         5.000       4.500      SLICE_X89Y97     alive_div_reg[10]/C
High Pulse Width  Fast    FDRE/C             n/a            0.500         5.000       4.500      SLICE_X89Y97     alive_div_reg[10]/C
High Pulse Width  Slow    FDRE/C             n/a            0.500         5.000       4.500      SLICE_X89Y97     alive_div_reg[11]/C
High Pulse Width  Fast    FDRE/C             n/a            0.500         5.000       4.500      SLICE_X89Y97     alive_div_reg[11]/C
High Pulse Width  Slow    FDRE/C             n/a            0.500         5.000       4.500      SLICE_X89Y98     alive_div_reg[12]/C
High Pulse Width  Fast    FDRE/C             n/a            0.500         5.000       4.500      SLICE_X89Y98     alive_div_reg[12]/C



---------------------------------------------------------------------------------------------------
From Clock:  core_clk_mmcm
  To Clock:  core_clk_mmcm

Setup :            0  Failing Endpoints,  Worst Slack       11.789ns,  Total Violation        0.000ns
Hold  :            0  Failing Endpoints,  Worst Slack        0.016ns,  Total Violation        0.000ns
PW    :            0  Failing Endpoints,  Worst Slack       19.500ns,  Total Violation        0.000ns
---------------------------------------------------------------------------------------------------


Max Delay Paths
--------------------------------------------------------------------------------------
Slack (MET) :             11.789ns  (required time - arrival time)
  Source:                 core_reset_reg_reg/C
                            (rising edge-triggered cell FDRE clocked by core_clk_mmcm  {rise@0.000ns fall@20.000ns period=40.000ns})
  Destination:            u_core/u_aad_ct_in/ct_data_r_reg[485]/R
                            (rising edge-triggered cell FDRE clocked by core_clk_mmcm  {rise@0.000ns fall@20.000ns period=40.000ns})
  Path Group:             core_clk_mmcm
  Path Type:              Setup (Max at Slow Process Corner)
  Requirement:            40.000ns  (core_clk_mmcm rise@40.000ns - core_clk_mmcm rise@0.000ns)
  Data Path Delay:        27.371ns  (logic 0.704ns (2.572%)  route 26.667ns (97.428%))
  Logic Levels:           2  (LUT2=1 LUT3=1)
  Clock Path Skew:        -0.321ns (DCD - SCD + CPR)
    Destination Clock Delay (DCD):    8.690ns = ( 48.690 - 40.000 ) 
    Source Clock Delay      (SCD):    9.423ns
    Clock Pessimism Removal (CPR):    0.412ns
  Clock Uncertainty:      0.091ns  ((TSJ^2 + DJ^2)^1/2) / 2 + PE
    Total System Jitter     (TSJ):    0.071ns
    Discrete Jitter          (DJ):    0.168ns
    Phase Error              (PE):    0.000ns

    Location             Delay type                Incr(ns)  Path(ns)    Netlist Resource(s)
  -------------------------------------------------------------------    -------------------
                         (clock core_clk_mmcm rise edge)
                                                      0.000     0.000 r  
    E3                                                0.000     0.000 r  clk (IN)
                         net (fo=0)                   0.000     0.000    clk
    E3                   IBUF (Prop_ibuf_I_O)         1.482     1.482 r  clk_IBUF_inst/O
                         net (fo=1, routed)           2.025     3.506    clk_IBUF
    BUFGCTRL_X0Y16       BUFG (Prop_bufg_I_O)         0.096     3.602 r  clk_IBUF_BUFG_inst/O
                         net (fo=27, routed)          1.809     5.412    clk_IBUF_BUFG
    MMCME2_ADV_X0Y0      MMCME2_ADV (Prop_mmcme2_adv_CLKIN1_CLKOUT0)
                                                      0.088     5.500 r  u_mmcm/CLKOUT0
                         net (fo=1, routed)           2.018     7.518    core_clk_mmcm
    BUFGCTRL_X0Y0        BUFG (Prop_bufg_I_O)         0.096     7.614 r  u_core_clk_buf/O
                         net (fo=22148, routed)       1.808     9.423    core_clk
    SLICE_X29Y36         FDRE                                         r  core_reset_reg_reg/C
  -------------------------------------------------------------------    -------------------
    SLICE_X29Y36         FDRE (Prop_fdre_C_Q)         0.456     9.879 r  core_reset_reg_reg/Q
                         net (fo=2, routed)           0.551    10.430    u_core/u_tag_ctr/g0/g3/data_out_reg[0]_1
    SLICE_X29Y36         LUT3 (Prop_lut3_I2_O)        0.124    10.554 r  u_core/u_tag_ctr/g0/g3/start_nxt0_i_1/O
                         net (fo=10032, routed)      12.947    23.501    u_core/u_aad_ct_in/core_rst
    SLICE_X32Y82         LUT2 (Prop_lut2_I0_O)        0.124    23.625 r  u_core/u_aad_ct_in/aad_data_r[1023]_i_1/O
                         net (fo=4272, routed)       13.168    36.793    u_core/u_aad_ct_in/clear_collectors_reg
    SLICE_X64Y130        FDRE                                         r  u_core/u_aad_ct_in/ct_data_r_reg[485]/R
  -------------------------------------------------------------------    -------------------

                         (clock core_clk_mmcm rise edge)
                                                     40.000    40.000 r  
    E3                                                0.000    40.000 r  clk (IN)
                         net (fo=0)                   0.000    40.000    clk
    E3                   IBUF (Prop_ibuf_I_O)         1.411    41.411 r  clk_IBUF_inst/O
                         net (fo=1, routed)           1.920    43.331    clk_IBUF
    BUFGCTRL_X0Y16       BUFG (Prop_bufg_I_O)         0.091    43.422 r  clk_IBUF_BUFG_inst/O
                         net (fo=27, routed)          1.683    45.105    clk_IBUF_BUFG
    MMCME2_ADV_X0Y0      MMCME2_ADV (Prop_mmcme2_adv_CLKIN1_CLKOUT0)
                                                      0.083    45.188 r  u_mmcm/CLKOUT0
                         net (fo=1, routed)           1.923    47.111    core_clk_mmcm
    BUFGCTRL_X0Y0        BUFG (Prop_bufg_I_O)         0.091    47.202 r  u_core_clk_buf/O
                         net (fo=22148, routed)       1.488    48.690    u_core/u_aad_ct_in/core_clk
    SLICE_X64Y130        FDRE                                         r  u_core/u_aad_ct_in/ct_data_r_reg[485]/C
                         clock pessimism              0.412    49.102    
                         clock uncertainty           -0.091    49.011    
    SLICE_X64Y130        FDRE (Setup_fdre_C_R)       -0.429    48.582    u_core/u_aad_ct_in/ct_data_r_reg[485]
  -------------------------------------------------------------------
                         required time                         48.582    
                         arrival time                         -36.793    
  -------------------------------------------------------------------
                         slack                                 11.789    

Slack (MET) :             11.831ns  (required time - arrival time)
  Source:                 core_reset_reg_reg/C
                            (rising edge-triggered cell FDRE clocked by core_clk_mmcm  {rise@0.000ns fall@20.000ns period=40.000ns})
  Destination:            u_core/u_aad_ct_in/ct_data_r_reg[181]/R
                            (rising edge-triggered cell FDRE clocked by core_clk_mmcm  {rise@0.000ns fall@20.000ns period=40.000ns})
  Path Group:             core_clk_mmcm
  Path Type:              Setup (Max at Slow Process Corner)
  Requirement:            40.000ns  (core_clk_mmcm rise@40.000ns - core_clk_mmcm rise@0.000ns)
  Data Path Delay:        27.233ns  (logic 0.704ns (2.585%)  route 26.529ns (97.415%))
  Logic Levels:           2  (LUT2=1 LUT3=1)
  Clock Path Skew:        -0.321ns (DCD - SCD + CPR)
    Destination Clock Delay (DCD):    8.690ns = ( 48.690 - 40.000 ) 
    Source Clock Delay      (SCD):    9.423ns
    Clock Pessimism Removal (CPR):    0.412ns
  Clock Uncertainty:      0.091ns  ((TSJ^2 + DJ^2)^1/2) / 2 + PE
    Total System Jitter     (TSJ):    0.071ns
    Discrete Jitter          (DJ):    0.168ns
    Phase Error              (PE):    0.000ns

    Location             Delay type                Incr(ns)  Path(ns)    Netlist Resource(s)
  -------------------------------------------------------------------    -------------------
                         (clock core_clk_mmcm rise edge)
                                                      0.000     0.000 r  
    E3                                                0.000     0.000 r  clk (IN)
                         net (fo=0)                   0.000     0.000    clk
    E3                   IBUF (Prop_ibuf_I_O)         1.482     1.482 r  clk_IBUF_inst/O
                         net (fo=1, routed)           2.025     3.506    clk_IBUF
    BUFGCTRL_X0Y16       BUFG (Prop_bufg_I_O)         0.096     3.602 r  clk_IBUF_BUFG_inst/O
                         net (fo=27, routed)          1.809     5.412    clk_IBUF_BUFG
    MMCME2_ADV_X0Y0      MMCME2_ADV (Prop_mmcme2_adv_CLKIN1_CLKOUT0)
                                                      0.088     5.500 r  u_mmcm/CLKOUT0
                         net (fo=1, routed)           2.018     7.518    core_clk_mmcm
    BUFGCTRL_X0Y0        BUFG (Prop_bufg_I_O)         0.096     7.614 r  u_core_clk_buf/O
                         net (fo=22148, routed)       1.808     9.423    core_clk
    SLICE_X29Y36         FDRE                                         r  core_reset_reg_reg/C
  -------------------------------------------------------------------    -------------------
    SLICE_X29Y36         FDRE (Prop_fdre_C_Q)         0.456     9.879 r  core_reset_reg_reg/Q
                         net (fo=2, routed)           0.551    10.430    u_core/u_tag_ctr/g0/g3/data_out_reg[0]_1
    SLICE_X29Y36         LUT3 (Prop_lut3_I2_O)        0.124    10.554 r  u_core/u_tag_ctr/g0/g3/start_nxt0_i_1/O
                         net (fo=10032, routed)      12.947    23.501    u_core/u_aad_ct_in/core_rst
    SLICE_X32Y82         LUT2 (Prop_lut2_I0_O)        0.124    23.625 r  u_core/u_aad_ct_in/aad_data_r[1023]_i_1/O
                         net (fo=4272, routed)       13.031    36.655    u_core/u_aad_ct_in/clear_collectors_reg
    SLICE_X70Y129        FDRE                                         r  u_core/u_aad_ct_in/ct_data_r_reg[181]/R
  -------------------------------------------------------------------    -------------------

                         (clock core_clk_mmcm rise edge)
                                                     40.000    40.000 r  
    E3                                                0.000    40.000 r  clk (IN)
                         net (fo=0)                   0.000    40.000    clk
    E3                   IBUF (Prop_ibuf_I_O)         1.411    41.411 r  clk_IBUF_inst/O
                         net (fo=1, routed)           1.920    43.331    clk_IBUF
    BUFGCTRL_X0Y16       BUFG (Prop_bufg_I_O)         0.091    43.422 r  clk_IBUF_BUFG_inst/O
                         net (fo=27, routed)          1.683    45.105    clk_IBUF_BUFG
    MMCME2_ADV_X0Y0      MMCME2_ADV (Prop_mmcme2_adv_CLKIN1_CLKOUT0)
                                                      0.083    45.188 r  u_mmcm/CLKOUT0
                         net (fo=1, routed)           1.923    47.111    core_clk_mmcm
    BUFGCTRL_X0Y0        BUFG (Prop_bufg_I_O)         0.091    47.202 r  u_core_clk_buf/O
                         net (fo=22148, routed)       1.488    48.690    u_core/u_aad_ct_in/core_clk
    SLICE_X70Y129        FDRE                                         r  u_core/u_aad_ct_in/ct_data_r_reg[181]/C
                         clock pessimism              0.412    49.102    
                         clock uncertainty           -0.091    49.011    
    SLICE_X70Y129        FDRE (Setup_fdre_C_R)       -0.524    48.487    u_core/u_aad_ct_in/ct_data_r_reg[181]
  -------------------------------------------------------------------
                         required time                         48.487    
                         arrival time                         -36.655    
  -------------------------------------------------------------------
                         slack                                 11.831    

Slack (MET) :             11.852ns  (required time - arrival time)
  Source:                 core_reset_reg_reg/C
                            (rising edge-triggered cell FDRE clocked by core_clk_mmcm  {rise@0.000ns fall@20.000ns period=40.000ns})
  Destination:            u_core/u_aad_ct_in/ct_data_r_reg[189]/R
                            (rising edge-triggered cell FDRE clocked by core_clk_mmcm  {rise@0.000ns fall@20.000ns period=40.000ns})
  Path Group:             core_clk_mmcm
  Path Type:              Setup (Max at Slow Process Corner)
  Requirement:            40.000ns  (core_clk_mmcm rise@40.000ns - core_clk_mmcm rise@0.000ns)
  Data Path Delay:        27.213ns  (logic 0.704ns (2.587%)  route 26.509ns (97.413%))
  Logic Levels:           2  (LUT2=1 LUT3=1)
  Clock Path Skew:        -0.321ns (DCD - SCD + CPR)
    Destination Clock Delay (DCD):    8.690ns = ( 48.690 - 40.000 ) 
    Source Clock Delay      (SCD):    9.423ns
    Clock Pessimism Removal (CPR):    0.412ns
  Clock Uncertainty:      0.091ns  ((TSJ^2 + DJ^2)^1/2) / 2 + PE
    Total System Jitter     (TSJ):    0.071ns
    Discrete Jitter          (DJ):    0.168ns
    Phase Error              (PE):    0.000ns

    Location             Delay type                Incr(ns)  Path(ns)    Netlist Resource(s)
  -------------------------------------------------------------------    -------------------
                         (clock core_clk_mmcm rise edge)
                                                      0.000     0.000 r  
    E3                                                0.000     0.000 r  clk (IN)
                         net (fo=0)                   0.000     0.000    clk
    E3                   IBUF (Prop_ibuf_I_O)         1.482     1.482 r  clk_IBUF_inst/O
                         net (fo=1, routed)           2.025     3.506    clk_IBUF
    BUFGCTRL_X0Y16       BUFG (Prop_bufg_I_O)         0.096     3.602 r  clk_IBUF_BUFG_inst/O
                         net (fo=27, routed)          1.809     5.412    clk_IBUF_BUFG
    MMCME2_ADV_X0Y0      MMCME2_ADV (Prop_mmcme2_adv_CLKIN1_CLKOUT0)
                                                      0.088     5.500 r  u_mmcm/CLKOUT0
                         net (fo=1, routed)           2.018     7.518    core_clk_mmcm
    BUFGCTRL_X0Y0        BUFG (Prop_bufg_I_O)         0.096     7.614 r  u_core_clk_buf/O
                         net (fo=22148, routed)       1.808     9.423    core_clk
    SLICE_X29Y36         FDRE                                         r  core_reset_reg_reg/C
  -------------------------------------------------------------------    -------------------
    SLICE_X29Y36         FDRE (Prop_fdre_C_Q)         0.456     9.879 r  core_reset_reg_reg/Q
                         net (fo=2, routed)           0.551    10.430    u_core/u_tag_ctr/g0/g3/data_out_reg[0]_1
    SLICE_X29Y36         LUT3 (Prop_lut3_I2_O)        0.124    10.554 r  u_core/u_tag_ctr/g0/g3/start_nxt0_i_1/O
                         net (fo=10032, routed)      12.947    23.501    u_core/u_aad_ct_in/core_rst
    SLICE_X32Y82         LUT2 (Prop_lut2_I0_O)        0.124    23.625 r  u_core/u_aad_ct_in/aad_data_r[1023]_i_1/O
                         net (fo=4272, routed)       13.010    36.635    u_core/u_aad_ct_in/clear_collectors_reg
    SLICE_X66Y129        FDRE                                         r  u_core/u_aad_ct_in/ct_data_r_reg[189]/R
  -------------------------------------------------------------------    -------------------

                         (clock core_clk_mmcm rise edge)
                                                     40.000    40.000 r  
    E3                                                0.000    40.000 r  clk (IN)
                         net (fo=0)                   0.000    40.000    clk
    E3                   IBUF (Prop_ibuf_I_O)         1.411    41.411 r  clk_IBUF_inst/O
                         net (fo=1, routed)           1.920    43.331    clk_IBUF
    BUFGCTRL_X0Y16       BUFG (Prop_bufg_I_O)         0.091    43.422 r  clk_IBUF_BUFG_inst/O
                         net (fo=27, routed)          1.683    45.105    clk_IBUF_BUFG
    MMCME2_ADV_X0Y0      MMCME2_ADV (Prop_mmcme2_adv_CLKIN1_CLKOUT0)
                                                      0.083    45.188 r  u_mmcm/CLKOUT0
                         net (fo=1, routed)           1.923    47.111    core_clk_mmcm
    BUFGCTRL_X0Y0        BUFG (Prop_bufg_I_O)         0.091    47.202 r  u_core_clk_buf/O
                         net (fo=22148, routed)       1.488    48.690    u_core/u_aad_ct_in/core_clk
    SLICE_X66Y129        FDRE                                         r  u_core/u_aad_ct_in/ct_data_r_reg[189]/C
                         clock pessimism              0.412    49.102    
                         clock uncertainty           -0.091    49.011    
    SLICE_X66Y129        FDRE (Setup_fdre_C_R)       -0.524    48.487    u_core/u_aad_ct_in/ct_data_r_reg[189]
  -------------------------------------------------------------------
                         required time                         48.487    
                         arrival time                         -36.635    
  -------------------------------------------------------------------
                         slack                                 11.852    

Slack (MET) :             11.947ns  (required time - arrival time)
  Source:                 core_reset_reg_reg/C
                            (rising edge-triggered cell FDRE clocked by core_clk_mmcm  {rise@0.000ns fall@20.000ns period=40.000ns})
  Destination:            u_core/u_aad_ct_in/ct_data_r_reg[501]/R
                            (rising edge-triggered cell FDRE clocked by core_clk_mmcm  {rise@0.000ns fall@20.000ns period=40.000ns})
  Path Group:             core_clk_mmcm
  Path Type:              Setup (Max at Slow Process Corner)
  Requirement:            40.000ns  (core_clk_mmcm rise@40.000ns - core_clk_mmcm rise@0.000ns)
  Data Path Delay:        27.213ns  (logic 0.704ns (2.587%)  route 26.509ns (97.413%))
  Logic Levels:           2  (LUT2=1 LUT3=1)
  Clock Path Skew:        -0.321ns (DCD - SCD + CPR)
    Destination Clock Delay (DCD):    8.690ns = ( 48.690 - 40.000 ) 
    Source Clock Delay      (SCD):    9.423ns
    Clock Pessimism Removal (CPR):    0.412ns
  Clock Uncertainty:      0.091ns  ((TSJ^2 + DJ^2)^1/2) / 2 + PE
    Total System Jitter     (TSJ):    0.071ns
    Discrete Jitter          (DJ):    0.168ns
    Phase Error              (PE):    0.000ns

    Location             Delay type                Incr(ns)  Path(ns)    Netlist Resource(s)
  -------------------------------------------------------------------    -------------------
                         (clock core_clk_mmcm rise edge)
                                                      0.000     0.000 r  
    E3                                                0.000     0.000 r  clk (IN)
                         net (fo=0)                   0.000     0.000    clk
    E3                   IBUF (Prop_ibuf_I_O)         1.482     1.482 r  clk_IBUF_inst/O
                         net (fo=1, routed)           2.025     3.506    clk_IBUF
    BUFGCTRL_X0Y16       BUFG (Prop_bufg_I_O)         0.096     3.602 r  clk_IBUF_BUFG_inst/O
                         net (fo=27, routed)          1.809     5.412    clk_IBUF_BUFG
    MMCME2_ADV_X0Y0      MMCME2_ADV (Prop_mmcme2_adv_CLKIN1_CLKOUT0)
                                                      0.088     5.500 r  u_mmcm/CLKOUT0
                         net (fo=1, routed)           2.018     7.518    core_clk_mmcm
    BUFGCTRL_X0Y0        BUFG (Prop_bufg_I_O)         0.096     7.614 r  u_core_clk_buf/O
                         net (fo=22148, routed)       1.808     9.423    core_clk
    SLICE_X29Y36         FDRE                                         r  core_reset_reg_reg/C
  -------------------------------------------------------------------    -------------------
    SLICE_X29Y36         FDRE (Prop_fdre_C_Q)         0.456     9.879 r  core_reset_reg_reg/Q
                         net (fo=2, routed)           0.551    10.430    u_core/u_tag_ctr/g0/g3/data_out_reg[0]_1
    SLICE_X29Y36         LUT3 (Prop_lut3_I2_O)        0.124    10.554 r  u_core/u_tag_ctr/g0/g3/start_nxt0_i_1/O
                         net (fo=10032, routed)      12.947    23.501    u_core/u_aad_ct_in/core_rst
    SLICE_X32Y82         LUT2 (Prop_lut2_I0_O)        0.124    23.625 r  u_core/u_aad_ct_in/aad_data_r[1023]_i_1/O
                         net (fo=4272, routed)       13.010    36.635    u_core/u_aad_ct_in/clear_collectors_reg
    SLICE_X67Y129        FDRE                                         r  u_core/u_aad_ct_in/ct_data_r_reg[501]/R
  -------------------------------------------------------------------    -------------------

                         (clock core_clk_mmcm rise edge)
                                                     40.000    40.000 r  
    E3                                                0.000    40.000 r  clk (IN)
                         net (fo=0)                   0.000    40.000    clk
    E3                   IBUF (Prop_ibuf_I_O)         1.411    41.411 r  clk_IBUF_inst/O
                         net (fo=1, routed)           1.920    43.331    clk_IBUF
    BUFGCTRL_X0Y16       BUFG (Prop_bufg_I_O)         0.091    43.422 r  clk_IBUF_BUFG_inst/O
                         net (fo=27, routed)          1.683    45.105    clk_IBUF_BUFG
    MMCME2_ADV_X0Y0      MMCME2_ADV (Prop_mmcme2_adv_CLKIN1_CLKOUT0)
                                                      0.083    45.188 r  u_mmcm/CLKOUT0
                         net (fo=1, routed)           1.923    47.111    core_clk_mmcm
    BUFGCTRL_X0Y0        BUFG (Prop_bufg_I_O)         0.091    47.202 r  u_core_clk_buf/O
                         net (fo=22148, routed)       1.488    48.690    u_core/u_aad_ct_in/core_clk
    SLICE_X67Y129        FDRE                                         r  u_core/u_aad_ct_in/ct_data_r_reg[501]/C
                         clock pessimism              0.412    49.102    
                         clock uncertainty           -0.091    49.011    
    SLICE_X67Y129        FDRE (Setup_fdre_C_R)       -0.429    48.582    u_core/u_aad_ct_in/ct_data_r_reg[501]
  -------------------------------------------------------------------
                         required time                         48.582    
                         arrival time                         -36.635    
  -------------------------------------------------------------------
                         slack                                 11.947    

Slack (MET) :             11.947ns  (required time - arrival time)
  Source:                 core_reset_reg_reg/C
                            (rising edge-triggered cell FDRE clocked by core_clk_mmcm  {rise@0.000ns fall@20.000ns period=40.000ns})
  Destination:            u_core/u_aad_ct_in/ct_data_r_reg[509]/R
                            (rising edge-triggered cell FDRE clocked by core_clk_mmcm  {rise@0.000ns fall@20.000ns period=40.000ns})
  Path Group:             core_clk_mmcm
  Path Type:              Setup (Max at Slow Process Corner)
  Requirement:            40.000ns  (core_clk_mmcm rise@40.000ns - core_clk_mmcm rise@0.000ns)
  Data Path Delay:        27.213ns  (logic 0.704ns (2.587%)  route 26.509ns (97.413%))
  Logic Levels:           2  (LUT2=1 LUT3=1)
  Clock Path Skew:        -0.321ns (DCD - SCD + CPR)
    Destination Clock Delay (DCD):    8.690ns = ( 48.690 - 40.000 ) 
    Source Clock Delay      (SCD):    9.423ns
    Clock Pessimism Removal (CPR):    0.412ns
  Clock Uncertainty:      0.091ns  ((TSJ^2 + DJ^2)^1/2) / 2 + PE
    Total System Jitter     (TSJ):    0.071ns
    Discrete Jitter          (DJ):    0.168ns
    Phase Error              (PE):    0.000ns

    Location             Delay type                Incr(ns)  Path(ns)    Netlist Resource(s)
  -------------------------------------------------------------------    -------------------
                         (clock core_clk_mmcm rise edge)
                                                      0.000     0.000 r  
    E3                                                0.000     0.000 r  clk (IN)
                         net (fo=0)                   0.000     0.000    clk
    E3                   IBUF (Prop_ibuf_I_O)         1.482     1.482 r  clk_IBUF_inst/O
                         net (fo=1, routed)           2.025     3.506    clk_IBUF
    BUFGCTRL_X0Y16       BUFG (Prop_bufg_I_O)         0.096     3.602 r  clk_IBUF_BUFG_inst/O
                         net (fo=27, routed)          1.809     5.412    clk_IBUF_BUFG
    MMCME2_ADV_X0Y0      MMCME2_ADV (Prop_mmcme2_adv_CLKIN1_CLKOUT0)
                                                      0.088     5.500 r  u_mmcm/CLKOUT0
                         net (fo=1, routed)           2.018     7.518    core_clk_mmcm
    BUFGCTRL_X0Y0        BUFG (Prop_bufg_I_O)         0.096     7.614 r  u_core_clk_buf/O
                         net (fo=22148, routed)       1.808     9.423    core_clk
    SLICE_X29Y36         FDRE                                         r  core_reset_reg_reg/C
  -------------------------------------------------------------------    -------------------
    SLICE_X29Y36         FDRE (Prop_fdre_C_Q)         0.456     9.879 r  core_reset_reg_reg/Q
                         net (fo=2, routed)           0.551    10.430    u_core/u_tag_ctr/g0/g3/data_out_reg[0]_1
    SLICE_X29Y36         LUT3 (Prop_lut3_I2_O)        0.124    10.554 r  u_core/u_tag_ctr/g0/g3/start_nxt0_i_1/O
                         net (fo=10032, routed)      12.947    23.501    u_core/u_aad_ct_in/core_rst
    SLICE_X32Y82         LUT2 (Prop_lut2_I0_O)        0.124    23.625 r  u_core/u_aad_ct_in/aad_data_r[1023]_i_1/O
                         net (fo=4272, routed)       13.010    36.635    u_core/u_aad_ct_in/clear_collectors_reg
    SLICE_X67Y129        FDRE                                         r  u_core/u_aad_ct_in/ct_data_r_reg[509]/R
  -------------------------------------------------------------------    -------------------

                         (clock core_clk_mmcm rise edge)
                                                     40.000    40.000 r  
    E3                                                0.000    40.000 r  clk (IN)
                         net (fo=0)                   0.000    40.000    clk
    E3                   IBUF (Prop_ibuf_I_O)         1.411    41.411 r  clk_IBUF_inst/O
                         net (fo=1, routed)           1.920    43.331    clk_IBUF
    BUFGCTRL_X0Y16       BUFG (Prop_bufg_I_O)         0.091    43.422 r  clk_IBUF_BUFG_inst/O
                         net (fo=27, routed)          1.683    45.105    clk_IBUF_BUFG
    MMCME2_ADV_X0Y0      MMCME2_ADV (Prop_mmcme2_adv_CLKIN1_CLKOUT0)
                                                      0.083    45.188 r  u_mmcm/CLKOUT0
                         net (fo=1, routed)           1.923    47.111    core_clk_mmcm
    BUFGCTRL_X0Y0        BUFG (Prop_bufg_I_O)         0.091    47.202 r  u_core_clk_buf/O
                         net (fo=22148, routed)       1.488    48.690    u_core/u_aad_ct_in/core_clk
    SLICE_X67Y129        FDRE                                         r  u_core/u_aad_ct_in/ct_data_r_reg[509]/C
                         clock pessimism              0.412    49.102    
                         clock uncertainty           -0.091    49.011    
    SLICE_X67Y129        FDRE (Setup_fdre_C_R)       -0.429    48.582    u_core/u_aad_ct_in/ct_data_r_reg[509]
  -------------------------------------------------------------------
                         required time                         48.582    
                         arrival time                         -36.635    
  -------------------------------------------------------------------
                         slack                                 11.947    

Slack (MET) :             11.947ns  (required time - arrival time)
  Source:                 core_reset_reg_reg/C
                            (rising edge-triggered cell FDRE clocked by core_clk_mmcm  {rise@0.000ns fall@20.000ns period=40.000ns})
  Destination:            u_core/u_aad_ct_in/ct_data_r_reg[517]/R
                            (rising edge-triggered cell FDRE clocked by core_clk_mmcm  {rise@0.000ns fall@20.000ns period=40.000ns})
  Path Group:             core_clk_mmcm
  Path Type:              Setup (Max at Slow Process Corner)
  Requirement:            40.000ns  (core_clk_mmcm rise@40.000ns - core_clk_mmcm rise@0.000ns)
  Data Path Delay:        27.213ns  (logic 0.704ns (2.587%)  route 26.509ns (97.413%))
  Logic Levels:           2  (LUT2=1 LUT3=1)
  Clock Path Skew:        -0.321ns (DCD - SCD + CPR)
    Destination Clock Delay (DCD):    8.690ns = ( 48.690 - 40.000 ) 
    Source Clock Delay      (SCD):    9.423ns
    Clock Pessimism Removal (CPR):    0.412ns
  Clock Uncertainty:      0.091ns  ((TSJ^2 + DJ^2)^1/2) / 2 + PE
    Total System Jitter     (TSJ):    0.071ns
    Discrete Jitter          (DJ):    0.168ns
    Phase Error              (PE):    0.000ns

    Location             Delay type                Incr(ns)  Path(ns)    Netlist Resource(s)
  -------------------------------------------------------------------    -------------------
                         (clock core_clk_mmcm rise edge)
                                                      0.000     0.000 r  
    E3                                                0.000     0.000 r  clk (IN)
                         net (fo=0)                   0.000     0.000    clk
    E3                   IBUF (Prop_ibuf_I_O)         1.482     1.482 r  clk_IBUF_inst/O
                         net (fo=1, routed)           2.025     3.506    clk_IBUF
    BUFGCTRL_X0Y16       BUFG (Prop_bufg_I_O)         0.096     3.602 r  clk_IBUF_BUFG_inst/O
                         net (fo=27, routed)          1.809     5.412    clk_IBUF_BUFG
    MMCME2_ADV_X0Y0      MMCME2_ADV (Prop_mmcme2_adv_CLKIN1_CLKOUT0)
                                                      0.088     5.500 r  u_mmcm/CLKOUT0
                         net (fo=1, routed)           2.018     7.518    core_clk_mmcm
    BUFGCTRL_X0Y0        BUFG (Prop_bufg_I_O)         0.096     7.614 r  u_core_clk_buf/O
                         net (fo=22148, routed)       1.808     9.423    core_clk
    SLICE_X29Y36         FDRE                                         r  core_reset_reg_reg/C
  -------------------------------------------------------------------    -------------------
    SLICE_X29Y36         FDRE (Prop_fdre_C_Q)         0.456     9.879 r  core_reset_reg_reg/Q
                         net (fo=2, routed)           0.551    10.430    u_core/u_tag_ctr/g0/g3/data_out_reg[0]_1
    SLICE_X29Y36         LUT3 (Prop_lut3_I2_O)        0.124    10.554 r  u_core/u_tag_ctr/g0/g3/start_nxt0_i_1/O
                         net (fo=10032, routed)      12.947    23.501    u_core/u_aad_ct_in/core_rst
    SLICE_X32Y82         LUT2 (Prop_lut2_I0_O)        0.124    23.625 r  u_core/u_aad_ct_in/aad_data_r[1023]_i_1/O
                         net (fo=4272, routed)       13.010    36.635    u_core/u_aad_ct_in/clear_collectors_reg
    SLICE_X67Y129        FDRE                                         r  u_core/u_aad_ct_in/ct_data_r_reg[517]/R
  -------------------------------------------------------------------    -------------------

                         (clock core_clk_mmcm rise edge)
                                                     40.000    40.000 r  
    E3                                                0.000    40.000 r  clk (IN)
                         net (fo=0)                   0.000    40.000    clk
    E3                   IBUF (Prop_ibuf_I_O)         1.411    41.411 r  clk_IBUF_inst/O
                         net (fo=1, routed)           1.920    43.331    clk_IBUF
    BUFGCTRL_X0Y16       BUFG (Prop_bufg_I_O)         0.091    43.422 r  clk_IBUF_BUFG_inst/O
                         net (fo=27, routed)          1.683    45.105    clk_IBUF_BUFG
    MMCME2_ADV_X0Y0      MMCME2_ADV (Prop_mmcme2_adv_CLKIN1_CLKOUT0)
                                                      0.083    45.188 r  u_mmcm/CLKOUT0
                         net (fo=1, routed)           1.923    47.111    core_clk_mmcm
    BUFGCTRL_X0Y0        BUFG (Prop_bufg_I_O)         0.091    47.202 r  u_core_clk_buf/O
                         net (fo=22148, routed)       1.488    48.690    u_core/u_aad_ct_in/core_clk
    SLICE_X67Y129        FDRE                                         r  u_core/u_aad_ct_in/ct_data_r_reg[517]/C
                         clock pessimism              0.412    49.102    
                         clock uncertainty           -0.091    49.011    
    SLICE_X67Y129        FDRE (Setup_fdre_C_R)       -0.429    48.582    u_core/u_aad_ct_in/ct_data_r_reg[517]
  -------------------------------------------------------------------
                         required time                         48.582    
                         arrival time                         -36.635    
  -------------------------------------------------------------------
                         slack                                 11.947    

Slack (MET) :             12.086ns  (required time - arrival time)
  Source:                 core_reset_reg_reg/C
                            (rising edge-triggered cell FDRE clocked by core_clk_mmcm  {rise@0.000ns fall@20.000ns period=40.000ns})
  Destination:            u_core/u_aad_ct_in/ct_data_r_reg[21]/R
                            (rising edge-triggered cell FDRE clocked by core_clk_mmcm  {rise@0.000ns fall@20.000ns period=40.000ns})
  Path Group:             core_clk_mmcm
  Path Type:              Setup (Max at Slow Process Corner)
  Requirement:            40.000ns  (core_clk_mmcm rise@40.000ns - core_clk_mmcm rise@0.000ns)
  Data Path Delay:        27.072ns  (logic 0.704ns (2.601%)  route 26.368ns (97.399%))
  Logic Levels:           2  (LUT2=1 LUT3=1)
  Clock Path Skew:        -0.322ns (DCD - SCD + CPR)
    Destination Clock Delay (DCD):    8.689ns = ( 48.689 - 40.000 ) 
    Source Clock Delay      (SCD):    9.423ns
    Clock Pessimism Removal (CPR):    0.412ns
  Clock Uncertainty:      0.091ns  ((TSJ^2 + DJ^2)^1/2) / 2 + PE
    Total System Jitter     (TSJ):    0.071ns
    Discrete Jitter          (DJ):    0.168ns
    Phase Error              (PE):    0.000ns

    Location             Delay type                Incr(ns)  Path(ns)    Netlist Resource(s)
  -------------------------------------------------------------------    -------------------
                         (clock core_clk_mmcm rise edge)
                                                      0.000     0.000 r  
    E3                                                0.000     0.000 r  clk (IN)
                         net (fo=0)                   0.000     0.000    clk
    E3                   IBUF (Prop_ibuf_I_O)         1.482     1.482 r  clk_IBUF_inst/O
                         net (fo=1, routed)           2.025     3.506    clk_IBUF
    BUFGCTRL_X0Y16       BUFG (Prop_bufg_I_O)         0.096     3.602 r  clk_IBUF_BUFG_inst/O
                         net (fo=27, routed)          1.809     5.412    clk_IBUF_BUFG
    MMCME2_ADV_X0Y0      MMCME2_ADV (Prop_mmcme2_adv_CLKIN1_CLKOUT0)
                                                      0.088     5.500 r  u_mmcm/CLKOUT0
                         net (fo=1, routed)           2.018     7.518    core_clk_mmcm
    BUFGCTRL_X0Y0        BUFG (Prop_bufg_I_O)         0.096     7.614 r  u_core_clk_buf/O
                         net (fo=22148, routed)       1.808     9.423    core_clk
    SLICE_X29Y36         FDRE                                         r  core_reset_reg_reg/C
  -------------------------------------------------------------------    -------------------
    SLICE_X29Y36         FDRE (Prop_fdre_C_Q)         0.456     9.879 r  core_reset_reg_reg/Q
                         net (fo=2, routed)           0.551    10.430    u_core/u_tag_ctr/g0/g3/data_out_reg[0]_1
    SLICE_X29Y36         LUT3 (Prop_lut3_I2_O)        0.124    10.554 r  u_core/u_tag_ctr/g0/g3/start_nxt0_i_1/O
                         net (fo=10032, routed)      12.947    23.501    u_core/u_aad_ct_in/core_rst
    SLICE_X32Y82         LUT2 (Prop_lut2_I0_O)        0.124    23.625 r  u_core/u_aad_ct_in/aad_data_r[1023]_i_1/O
                         net (fo=4272, routed)       12.869    36.494    u_core/u_aad_ct_in/clear_collectors_reg
    SLICE_X68Y128        FDRE                                         r  u_core/u_aad_ct_in/ct_data_r_reg[21]/R
  -------------------------------------------------------------------    -------------------

                         (clock core_clk_mmcm rise edge)
                                                     40.000    40.000 r  
    E3                                                0.000    40.000 r  clk (IN)
                         net (fo=0)                   0.000    40.000    clk
    E3                   IBUF (Prop_ibuf_I_O)         1.411    41.411 r  clk_IBUF_inst/O
                         net (fo=1, routed)           1.920    43.331    clk_IBUF
    BUFGCTRL_X0Y16       BUFG (Prop_bufg_I_O)         0.091    43.422 r  clk_IBUF_BUFG_inst/O
                         net (fo=27, routed)          1.683    45.105    clk_IBUF_BUFG
    MMCME2_ADV_X0Y0      MMCME2_ADV (Prop_mmcme2_adv_CLKIN1_CLKOUT0)
                                                      0.083    45.188 r  u_mmcm/CLKOUT0
                         net (fo=1, routed)           1.923    47.111    core_clk_mmcm
    BUFGCTRL_X0Y0        BUFG (Prop_bufg_I_O)         0.091    47.202 r  u_core_clk_buf/O
                         net (fo=22148, routed)       1.487    48.689    u_core/u_aad_ct_in/core_clk
    SLICE_X68Y128        FDRE                                         r  u_core/u_aad_ct_in/ct_data_r_reg[21]/C
                         clock pessimism              0.412    49.101    
                         clock uncertainty           -0.091    49.010    
    SLICE_X68Y128        FDRE (Setup_fdre_C_R)       -0.429    48.581    u_core/u_aad_ct_in/ct_data_r_reg[21]
  -------------------------------------------------------------------
                         required time                         48.581    
                         arrival time                         -36.494    
  -------------------------------------------------------------------
                         slack                                 12.086    

Slack (MET) :             12.086ns  (required time - arrival time)
  Source:                 core_reset_reg_reg/C
                            (rising edge-triggered cell FDRE clocked by core_clk_mmcm  {rise@0.000ns fall@20.000ns period=40.000ns})
  Destination:            u_core/u_aad_ct_in/ct_data_r_reg[741]/R
                            (rising edge-triggered cell FDRE clocked by core_clk_mmcm  {rise@0.000ns fall@20.000ns period=40.000ns})
  Path Group:             core_clk_mmcm
  Path Type:              Setup (Max at Slow Process Corner)
  Requirement:            40.000ns  (core_clk_mmcm rise@40.000ns - core_clk_mmcm rise@0.000ns)
  Data Path Delay:        27.072ns  (logic 0.704ns (2.601%)  route 26.368ns (97.399%))
  Logic Levels:           2  (LUT2=1 LUT3=1)
  Clock Path Skew:        -0.322ns (DCD - SCD + CPR)
    Destination Clock Delay (DCD):    8.689ns = ( 48.689 - 40.000 ) 
    Source Clock Delay      (SCD):    9.423ns
    Clock Pessimism Removal (CPR):    0.412ns
  Clock Uncertainty:      0.091ns  ((TSJ^2 + DJ^2)^1/2) / 2 + PE
    Total System Jitter     (TSJ):    0.071ns
    Discrete Jitter          (DJ):    0.168ns
    Phase Error              (PE):    0.000ns

    Location             Delay type                Incr(ns)  Path(ns)    Netlist Resource(s)
  -------------------------------------------------------------------    -------------------
                         (clock core_clk_mmcm rise edge)
                                                      0.000     0.000 r  
    E3                                                0.000     0.000 r  clk (IN)
                         net (fo=0)                   0.000     0.000    clk
    E3                   IBUF (Prop_ibuf_I_O)         1.482     1.482 r  clk_IBUF_inst/O
                         net (fo=1, routed)           2.025     3.506    clk_IBUF
    BUFGCTRL_X0Y16       BUFG (Prop_bufg_I_O)         0.096     3.602 r  clk_IBUF_BUFG_inst/O
                         net (fo=27, routed)          1.809     5.412    clk_IBUF_BUFG
    MMCME2_ADV_X0Y0      MMCME2_ADV (Prop_mmcme2_adv_CLKIN1_CLKOUT0)
                                                      0.088     5.500 r  u_mmcm/CLKOUT0
                         net (fo=1, routed)           2.018     7.518    core_clk_mmcm
    BUFGCTRL_X0Y0        BUFG (Prop_bufg_I_O)         0.096     7.614 r  u_core_clk_buf/O
                         net (fo=22148, routed)       1.808     9.423    core_clk
    SLICE_X29Y36         FDRE                                         r  core_reset_reg_reg/C
  -------------------------------------------------------------------    -------------------
    SLICE_X29Y36         FDRE (Prop_fdre_C_Q)         0.456     9.879 r  core_reset_reg_reg/Q
                         net (fo=2, routed)           0.551    10.430    u_core/u_tag_ctr/g0/g3/data_out_reg[0]_1
    SLICE_X29Y36         LUT3 (Prop_lut3_I2_O)        0.124    10.554 r  u_core/u_tag_ctr/g0/g3/start_nxt0_i_1/O
                         net (fo=10032, routed)      12.947    23.501    u_core/u_aad_ct_in/core_rst
    SLICE_X32Y82         LUT2 (Prop_lut2_I0_O)        0.124    23.625 r  u_core/u_aad_ct_in/aad_data_r[1023]_i_1/O
                         net (fo=4272, routed)       12.869    36.494    u_core/u_aad_ct_in/clear_collectors_reg
    SLICE_X68Y128        FDRE                                         r  u_core/u_aad_ct_in/ct_data_r_reg[741]/R
  -------------------------------------------------------------------    -------------------

                         (clock core_clk_mmcm rise edge)
                                                     40.000    40.000 r  
    E3                                                0.000    40.000 r  clk (IN)
                         net (fo=0)                   0.000    40.000    clk
    E3                   IBUF (Prop_ibuf_I_O)         1.411    41.411 r  clk_IBUF_inst/O
                         net (fo=1, routed)           1.920    43.331    clk_IBUF
    BUFGCTRL_X0Y16       BUFG (Prop_bufg_I_O)         0.091    43.422 r  clk_IBUF_BUFG_inst/O
                         net (fo=27, routed)          1.683    45.105    clk_IBUF_BUFG
    MMCME2_ADV_X0Y0      MMCME2_ADV (Prop_mmcme2_adv_CLKIN1_CLKOUT0)
                                                      0.083    45.188 r  u_mmcm/CLKOUT0
                         net (fo=1, routed)           1.923    47.111    core_clk_mmcm
    BUFGCTRL_X0Y0        BUFG (Prop_bufg_I_O)         0.091    47.202 r  u_core_clk_buf/O
                         net (fo=22148, routed)       1.487    48.689    u_core/u_aad_ct_in/core_clk
    SLICE_X68Y128        FDRE                                         r  u_core/u_aad_ct_in/ct_data_r_reg[741]/C
                         clock pessimism              0.412    49.101    
                         clock uncertainty           -0.091    49.010    
    SLICE_X68Y128        FDRE (Setup_fdre_C_R)       -0.429    48.581    u_core/u_aad_ct_in/ct_data_r_reg[741]
  -------------------------------------------------------------------
                         required time                         48.581    
                         arrival time                         -36.494    
  -------------------------------------------------------------------
                         slack                                 12.086    

Slack (MET) :             12.086ns  (required time - arrival time)
  Source:                 core_reset_reg_reg/C
                            (rising edge-triggered cell FDRE clocked by core_clk_mmcm  {rise@0.000ns fall@20.000ns period=40.000ns})
  Destination:            u_core/u_aad_ct_in/ct_data_r_reg[749]/R
                            (rising edge-triggered cell FDRE clocked by core_clk_mmcm  {rise@0.000ns fall@20.000ns period=40.000ns})
  Path Group:             core_clk_mmcm
  Path Type:              Setup (Max at Slow Process Corner)
  Requirement:            40.000ns  (core_clk_mmcm rise@40.000ns - core_clk_mmcm rise@0.000ns)
  Data Path Delay:        27.072ns  (logic 0.704ns (2.601%)  route 26.368ns (97.399%))
  Logic Levels:           2  (LUT2=1 LUT3=1)
  Clock Path Skew:        -0.322ns (DCD - SCD + CPR)
    Destination Clock Delay (DCD):    8.689ns = ( 48.689 - 40.000 ) 
    Source Clock Delay      (SCD):    9.423ns
    Clock Pessimism Removal (CPR):    0.412ns
  Clock Uncertainty:      0.091ns  ((TSJ^2 + DJ^2)^1/2) / 2 + PE
    Total System Jitter     (TSJ):    0.071ns
    Discrete Jitter          (DJ):    0.168ns
    Phase Error              (PE):    0.000ns

    Location             Delay type                Incr(ns)  Path(ns)    Netlist Resource(s)
  -------------------------------------------------------------------    -------------------
                         (clock core_clk_mmcm rise edge)
                                                      0.000     0.000 r  
    E3                                                0.000     0.000 r  clk (IN)
                         net (fo=0)                   0.000     0.000    clk
    E3                   IBUF (Prop_ibuf_I_O)         1.482     1.482 r  clk_IBUF_inst/O
                         net (fo=1, routed)           2.025     3.506    clk_IBUF
    BUFGCTRL_X0Y16       BUFG (Prop_bufg_I_O)         0.096     3.602 r  clk_IBUF_BUFG_inst/O
                         net (fo=27, routed)          1.809     5.412    clk_IBUF_BUFG
    MMCME2_ADV_X0Y0      MMCME2_ADV (Prop_mmcme2_adv_CLKIN1_CLKOUT0)
                                                      0.088     5.500 r  u_mmcm/CLKOUT0
                         net (fo=1, routed)           2.018     7.518    core_clk_mmcm
    BUFGCTRL_X0Y0        BUFG (Prop_bufg_I_O)         0.096     7.614 r  u_core_clk_buf/O
                         net (fo=22148, routed)       1.808     9.423    core_clk
    SLICE_X29Y36         FDRE                                         r  core_reset_reg_reg/C
  -------------------------------------------------------------------    -------------------
    SLICE_X29Y36         FDRE (Prop_fdre_C_Q)         0.456     9.879 r  core_reset_reg_reg/Q
                         net (fo=2, routed)           0.551    10.430    u_core/u_tag_ctr/g0/g3/data_out_reg[0]_1
    SLICE_X29Y36         LUT3 (Prop_lut3_I2_O)        0.124    10.554 r  u_core/u_tag_ctr/g0/g3/start_nxt0_i_1/O
                         net (fo=10032, routed)      12.947    23.501    u_core/u_aad_ct_in/core_rst
    SLICE_X32Y82         LUT2 (Prop_lut2_I0_O)        0.124    23.625 r  u_core/u_aad_ct_in/aad_data_r[1023]_i_1/O
                         net (fo=4272, routed)       12.869    36.494    u_core/u_aad_ct_in/clear_collectors_reg
    SLICE_X68Y128        FDRE                                         r  u_core/u_aad_ct_in/ct_data_r_reg[749]/R
  -------------------------------------------------------------------    -------------------

                         (clock core_clk_mmcm rise edge)
                                                     40.000    40.000 r  
    E3                                                0.000    40.000 r  clk (IN)
                         net (fo=0)                   0.000    40.000    clk
    E3                   IBUF (Prop_ibuf_I_O)         1.411    41.411 r  clk_IBUF_inst/O
                         net (fo=1, routed)           1.920    43.331    clk_IBUF
    BUFGCTRL_X0Y16       BUFG (Prop_bufg_I_O)         0.091    43.422 r  clk_IBUF_BUFG_inst/O
                         net (fo=27, routed)          1.683    45.105    clk_IBUF_BUFG
    MMCME2_ADV_X0Y0      MMCME2_ADV (Prop_mmcme2_adv_CLKIN1_CLKOUT0)
                                                      0.083    45.188 r  u_mmcm/CLKOUT0
                         net (fo=1, routed)           1.923    47.111    core_clk_mmcm
    BUFGCTRL_X0Y0        BUFG (Prop_bufg_I_O)         0.091    47.202 r  u_core_clk_buf/O
                         net (fo=22148, routed)       1.487    48.689    u_core/u_aad_ct_in/core_clk
    SLICE_X68Y128        FDRE                                         r  u_core/u_aad_ct_in/ct_data_r_reg[749]/C
                         clock pessimism              0.412    49.101    
                         clock uncertainty           -0.091    49.010    
    SLICE_X68Y128        FDRE (Setup_fdre_C_R)       -0.429    48.581    u_core/u_aad_ct_in/ct_data_r_reg[749]
  -------------------------------------------------------------------
                         required time                         48.581    
                         arrival time                         -36.494    
  -------------------------------------------------------------------
                         slack                                 12.086    

Slack (MET) :             12.086ns  (required time - arrival time)
  Source:                 core_reset_reg_reg/C
                            (rising edge-triggered cell FDRE clocked by core_clk_mmcm  {rise@0.000ns fall@20.000ns period=40.000ns})
  Destination:            u_core/u_aad_ct_in/ct_data_r_reg[757]/R
                            (rising edge-triggered cell FDRE clocked by core_clk_mmcm  {rise@0.000ns fall@20.000ns period=40.000ns})
  Path Group:             core_clk_mmcm
  Path Type:              Setup (Max at Slow Process Corner)
  Requirement:            40.000ns  (core_clk_mmcm rise@40.000ns - core_clk_mmcm rise@0.000ns)
  Data Path Delay:        27.072ns  (logic 0.704ns (2.601%)  route 26.368ns (97.399%))
  Logic Levels:           2  (LUT2=1 LUT3=1)
  Clock Path Skew:        -0.322ns (DCD - SCD + CPR)
    Destination Clock Delay (DCD):    8.689ns = ( 48.689 - 40.000 ) 
    Source Clock Delay      (SCD):    9.423ns
    Clock Pessimism Removal (CPR):    0.412ns
  Clock Uncertainty:      0.091ns  ((TSJ^2 + DJ^2)^1/2) / 2 + PE
    Total System Jitter     (TSJ):    0.071ns
    Discrete Jitter          (DJ):    0.168ns
    Phase Error              (PE):    0.000ns

    Location             Delay type                Incr(ns)  Path(ns)    Netlist Resource(s)
  -------------------------------------------------------------------    -------------------
                         (clock core_clk_mmcm rise edge)
                                                      0.000     0.000 r  
    E3                                                0.000     0.000 r  clk (IN)
                         net (fo=0)                   0.000     0.000    clk
    E3                   IBUF (Prop_ibuf_I_O)         1.482     1.482 r  clk_IBUF_inst/O
                         net (fo=1, routed)           2.025     3.506    clk_IBUF
    BUFGCTRL_X0Y16       BUFG (Prop_bufg_I_O)         0.096     3.602 r  clk_IBUF_BUFG_inst/O
                         net (fo=27, routed)          1.809     5.412    clk_IBUF_BUFG
    MMCME2_ADV_X0Y0      MMCME2_ADV (Prop_mmcme2_adv_CLKIN1_CLKOUT0)
                                                      0.088     5.500 r  u_mmcm/CLKOUT0
                         net (fo=1, routed)           2.018     7.518    core_clk_mmcm
    BUFGCTRL_X0Y0        BUFG (Prop_bufg_I_O)         0.096     7.614 r  u_core_clk_buf/O
                         net (fo=22148, routed)       1.808     9.423    core_clk
    SLICE_X29Y36         FDRE                                         r  core_reset_reg_reg/C
  -------------------------------------------------------------------    -------------------
    SLICE_X29Y36         FDRE (Prop_fdre_C_Q)         0.456     9.879 r  core_reset_reg_reg/Q
                         net (fo=2, routed)           0.551    10.430    u_core/u_tag_ctr/g0/g3/data_out_reg[0]_1
    SLICE_X29Y36         LUT3 (Prop_lut3_I2_O)        0.124    10.554 r  u_core/u_tag_ctr/g0/g3/start_nxt0_i_1/O
                         net (fo=10032, routed)      12.947    23.501    u_core/u_aad_ct_in/core_rst
    SLICE_X32Y82         LUT2 (Prop_lut2_I0_O)        0.124    23.625 r  u_core/u_aad_ct_in/aad_data_r[1023]_i_1/O
                         net (fo=4272, routed)       12.869    36.494    u_core/u_aad_ct_in/clear_collectors_reg
    SLICE_X68Y128        FDRE                                         r  u_core/u_aad_ct_in/ct_data_r_reg[757]/R
  -------------------------------------------------------------------    -------------------

                         (clock core_clk_mmcm rise edge)
                                                     40.000    40.000 r  
    E3                                                0.000    40.000 r  clk (IN)
                         net (fo=0)                   0.000    40.000    clk
    E3                   IBUF (Prop_ibuf_I_O)         1.411    41.411 r  clk_IBUF_inst/O
                         net (fo=1, routed)           1.920    43.331    clk_IBUF
    BUFGCTRL_X0Y16       BUFG (Prop_bufg_I_O)         0.091    43.422 r  clk_IBUF_BUFG_inst/O
                         net (fo=27, routed)          1.683    45.105    clk_IBUF_BUFG
    MMCME2_ADV_X0Y0      MMCME2_ADV (Prop_mmcme2_adv_CLKIN1_CLKOUT0)
                                                      0.083    45.188 r  u_mmcm/CLKOUT0
                         net (fo=1, routed)           1.923    47.111    core_clk_mmcm
    BUFGCTRL_X0Y0        BUFG (Prop_bufg_I_O)         0.091    47.202 r  u_core_clk_buf/O
                         net (fo=22148, routed)       1.487    48.689    u_core/u_aad_ct_in/core_clk
    SLICE_X68Y128        FDRE                                         r  u_core/u_aad_ct_in/ct_data_r_reg[757]/C
                         clock pessimism              0.412    49.101    
                         clock uncertainty           -0.091    49.010    
    SLICE_X68Y128        FDRE (Setup_fdre_C_R)       -0.429    48.581    u_core/u_aad_ct_in/ct_data_r_reg[757]
  -------------------------------------------------------------------
                         required time                         48.581    
                         arrival time                         -36.494    
  -------------------------------------------------------------------
                         slack                                 12.086    





Min Delay Paths
--------------------------------------------------------------------------------------
Slack (MET) :             0.016ns  (arrival time - required time)
  Source:                 u_core/u_hcalc/g4/din_lock_r_reg[11]/C
                            (rising edge-triggered cell FDRE clocked by core_clk_mmcm  {rise@0.000ns fall@20.000ns period=40.000ns})
  Destination:            u_core/u_hcalc/g4/data_out_reg[27]/D
                            (rising edge-triggered cell FDRE clocked by core_clk_mmcm  {rise@0.000ns fall@20.000ns period=40.000ns})
  Path Group:             core_clk_mmcm
  Path Type:              Hold (Min at Fast Process Corner)
  Requirement:            0.000ns  (core_clk_mmcm rise@0.000ns - core_clk_mmcm rise@0.000ns)
  Data Path Delay:        0.350ns  (logic 0.186ns (53.152%)  route 0.164ns (46.848%))
  Logic Levels:           1  (LUT6=1)
  Clock Path Skew:        0.213ns (DCD - SCD - CPR)
    Destination Clock Delay (DCD):    3.718ns
    Source Clock Delay      (SCD):    2.922ns
    Clock Pessimism Removal (CPR):    0.582ns

    Location             Delay type                Incr(ns)  Path(ns)    Netlist Resource(s)
  -------------------------------------------------------------------    -------------------
                         (clock core_clk_mmcm rise edge)
                                                      0.000     0.000 r  
    E3                                                0.000     0.000 r  clk (IN)
                         net (fo=0)                   0.000     0.000    clk
    E3                   IBUF (Prop_ibuf_I_O)         0.250     0.250 r  clk_IBUF_inst/O
                         net (fo=1, routed)           0.644     0.894    clk_IBUF
    BUFGCTRL_X0Y16       BUFG (Prop_bufg_I_O)         0.026     0.920 r  clk_IBUF_BUFG_inst/O
                         net (fo=27, routed)          0.624     1.544    clk_IBUF_BUFG
    MMCME2_ADV_X0Y0      MMCME2_ADV (Prop_mmcme2_adv_CLKIN1_CLKOUT0)
                                                      0.050     1.594 r  u_mmcm/CLKOUT0
                         net (fo=1, routed)           0.648     2.242    core_clk_mmcm
    BUFGCTRL_X0Y0        BUFG (Prop_bufg_I_O)         0.026     2.268 r  u_core_clk_buf/O
                         net (fo=22148, routed)       0.654     2.922    u_core/u_hcalc/g4/core_clk
    SLICE_X81Y48         FDRE                                         r  u_core/u_hcalc/g4/din_lock_r_reg[11]/C
  -------------------------------------------------------------------    -------------------
    SLICE_X81Y48         FDRE (Prop_fdre_C_Q)         0.141     3.063 r  u_core/u_hcalc/g4/din_lock_r_reg[11]/Q
                         net (fo=5, routed)           0.164     3.227    u_core/u_hcalc/g4/din_lock_r[11]
    SLICE_X80Y50         LUT6 (Prop_lut6_I2_O)        0.045     3.272 r  u_core/u_hcalc/g4/data_out[27]_i_1/O
                         net (fo=1, routed)           0.000     3.272    u_core/u_hcalc/g4/mcol[27]
    SLICE_X80Y50         FDRE                                         r  u_core/u_hcalc/g4/data_out_reg[27]/D
  -------------------------------------------------------------------    -------------------

                         (clock core_clk_mmcm rise edge)
                                                      0.000     0.000 r  
    E3                                                0.000     0.000 r  clk (IN)
                         net (fo=0)                   0.000     0.000    clk
    E3                   IBUF (Prop_ibuf_I_O)         0.438     0.438 r  clk_IBUF_inst/O
                         net (fo=1, routed)           0.699     1.136    clk_IBUF
    BUFGCTRL_X0Y16       BUFG (Prop_bufg_I_O)         0.029     1.165 r  clk_IBUF_BUFG_inst/O
                         net (fo=27, routed)          0.898     2.063    clk_IBUF_BUFG
    MMCME2_ADV_X0Y0      MMCME2_ADV (Prop_mmcme2_adv_CLKIN1_CLKOUT0)
                                                      0.053     2.116 r  u_mmcm/CLKOUT0
                         net (fo=1, routed)           0.700     2.816    core_clk_mmcm
    BUFGCTRL_X0Y0        BUFG (Prop_bufg_I_O)         0.029     2.845 r  u_core_clk_buf/O
                         net (fo=22148, routed)       0.873     3.718    u_core/u_hcalc/g4/core_clk
    SLICE_X80Y50         FDRE                                         r  u_core/u_hcalc/g4/data_out_reg[27]/C
                         clock pessimism             -0.582     3.135    
    SLICE_X80Y50         FDRE (Hold_fdre_C_D)         0.121     3.256    u_core/u_hcalc/g4/data_out_reg[27]
  -------------------------------------------------------------------
                         required time                         -3.256    
                         arrival time                           3.272    
  -------------------------------------------------------------------
                         slack                                  0.016    

Slack (MET) :             0.020ns  (arrival time - required time)
  Source:                 frame_load_payload_reg[645]/C
                            (rising edge-triggered cell FDRE clocked by core_clk_mmcm  {rise@0.000ns fall@20.000ns period=40.000ns})
  Destination:            frame_payload_buf_reg[645]/D
                            (rising edge-triggered cell FDRE clocked by core_clk_mmcm  {rise@0.000ns fall@20.000ns period=40.000ns})
  Path Group:             core_clk_mmcm
  Path Type:              Hold (Min at Fast Process Corner)
  Requirement:            0.000ns  (core_clk_mmcm rise@0.000ns - core_clk_mmcm rise@0.000ns)
  Data Path Delay:        0.359ns  (logic 0.141ns (39.231%)  route 0.218ns (60.769%))
  Logic Levels:           0  
  Clock Path Skew:        0.267ns (DCD - SCD - CPR)
    Destination Clock Delay (DCD):    3.748ns
    Source Clock Delay      (SCD):    2.895ns
    Clock Pessimism Removal (CPR):    0.586ns

    Location             Delay type                Incr(ns)  Path(ns)    Netlist Resource(s)
  -------------------------------------------------------------------    -------------------
                         (clock core_clk_mmcm rise edge)
                                                      0.000     0.000 r  
    E3                                                0.000     0.000 r  clk (IN)
                         net (fo=0)                   0.000     0.000    clk
    E3                   IBUF (Prop_ibuf_I_O)         0.250     0.250 r  clk_IBUF_inst/O
                         net (fo=1, routed)           0.644     0.894    clk_IBUF
    BUFGCTRL_X0Y16       BUFG (Prop_bufg_I_O)         0.026     0.920 r  clk_IBUF_BUFG_inst/O
                         net (fo=27, routed)          0.624     1.544    clk_IBUF_BUFG
    MMCME2_ADV_X0Y0      MMCME2_ADV (Prop_mmcme2_adv_CLKIN1_CLKOUT0)
                                                      0.050     1.594 r  u_mmcm/CLKOUT0
                         net (fo=1, routed)           0.648     2.242    core_clk_mmcm
    BUFGCTRL_X0Y0        BUFG (Prop_bufg_I_O)         0.026     2.268 r  u_core_clk_buf/O
                         net (fo=22148, routed)       0.627     2.895    core_clk
    SLICE_X52Y9          FDRE                                         r  frame_load_payload_reg[645]/C
  -------------------------------------------------------------------    -------------------
    SLICE_X52Y9          FDRE (Prop_fdre_C_Q)         0.141     3.036 r  frame_load_payload_reg[645]/Q
                         net (fo=1, routed)           0.218     3.254    frame_load_payload_reg_n_0_[645]
    SLICE_X48Y10         FDRE                                         r  frame_payload_buf_reg[645]/D
  -------------------------------------------------------------------    -------------------

                         (clock core_clk_mmcm rise edge)
                                                      0.000     0.000 r  
    E3                                                0.000     0.000 r  clk (IN)
                         net (fo=0)                   0.000     0.000    clk
    E3                   IBUF (Prop_ibuf_I_O)         0.438     0.438 r  clk_IBUF_inst/O
                         net (fo=1, routed)           0.699     1.136    clk_IBUF
    BUFGCTRL_X0Y16       BUFG (Prop_bufg_I_O)         0.029     1.165 r  clk_IBUF_BUFG_inst/O
                         net (fo=27, routed)          0.898     2.063    clk_IBUF_BUFG
    MMCME2_ADV_X0Y0      MMCME2_ADV (Prop_mmcme2_adv_CLKIN1_CLKOUT0)
                                                      0.053     2.116 r  u_mmcm/CLKOUT0
                         net (fo=1, routed)           0.700     2.816    core_clk_mmcm
    BUFGCTRL_X0Y0        BUFG (Prop_bufg_I_O)         0.029     2.845 r  u_core_clk_buf/O
                         net (fo=22148, routed)       0.903     3.748    core_clk
    SLICE_X48Y10         FDRE                                         r  frame_payload_buf_reg[645]/C
                         clock pessimism             -0.586     3.162    
    SLICE_X48Y10         FDRE (Hold_fdre_C_D)         0.072     3.234    frame_payload_buf_reg[645]
  -------------------------------------------------------------------
                         required time                         -3.234    
                         arrival time                           3.254    
  -------------------------------------------------------------------
                         slack                                  0.020    

Slack (MET) :             0.021ns  (arrival time - required time)
  Source:                 u_core/u_hcalc/wordout_r_reg[88]/C
                            (rising edge-triggered cell FDRE clocked by core_clk_mmcm  {rise@0.000ns fall@20.000ns period=40.000ns})
  Destination:            u_core/ghash_h_reg[88]/D
                            (rising edge-triggered cell FDRE clocked by core_clk_mmcm  {rise@0.000ns fall@20.000ns period=40.000ns})
  Path Group:             core_clk_mmcm
  Path Type:              Hold (Min at Fast Process Corner)
  Requirement:            0.000ns  (core_clk_mmcm rise@0.000ns - core_clk_mmcm rise@0.000ns)
  Data Path Delay:        0.357ns  (logic 0.141ns (39.508%)  route 0.216ns (60.492%))
  Logic Levels:           0  
  Clock Path Skew:        0.266ns (DCD - SCD - CPR)
    Destination Clock Delay (DCD):    3.669ns
    Source Clock Delay      (SCD):    2.820ns
    Clock Pessimism Removal (CPR):    0.582ns

    Location             Delay type                Incr(ns)  Path(ns)    Netlist Resource(s)
  -------------------------------------------------------------------    -------------------
                         (clock core_clk_mmcm rise edge)
                                                      0.000     0.000 r  
    E3                                                0.000     0.000 r  clk (IN)
                         net (fo=0)                   0.000     0.000    clk
    E3                   IBUF (Prop_ibuf_I_O)         0.250     0.250 r  clk_IBUF_inst/O
                         net (fo=1, routed)           0.644     0.894    clk_IBUF
    BUFGCTRL_X0Y16       BUFG (Prop_bufg_I_O)         0.026     0.920 r  clk_IBUF_BUFG_inst/O
                         net (fo=27, routed)          0.624     1.544    clk_IBUF_BUFG
    MMCME2_ADV_X0Y0      MMCME2_ADV (Prop_mmcme2_adv_CLKIN1_CLKOUT0)
                                                      0.050     1.594 r  u_mmcm/CLKOUT0
                         net (fo=1, routed)           0.648     2.242    core_clk_mmcm
    BUFGCTRL_X0Y0        BUFG (Prop_bufg_I_O)         0.026     2.268 r  u_core_clk_buf/O
                         net (fo=22148, routed)       0.553     2.820    u_core/u_hcalc/core_clk
    SLICE_X53Y70         FDRE                                         r  u_core/u_hcalc/wordout_r_reg[88]/C
  -------------------------------------------------------------------    -------------------
    SLICE_X53Y70         FDRE (Prop_fdre_C_Q)         0.141     2.961 r  u_core/u_hcalc/wordout_r_reg[88]/Q
                         net (fo=1, routed)           0.216     3.177    u_core/hcalc_wordout[88]
    SLICE_X49Y70         FDRE                                         r  u_core/ghash_h_reg[88]/D
  -------------------------------------------------------------------    -------------------

                         (clock core_clk_mmcm rise edge)
                                                      0.000     0.000 r  
    E3                                                0.000     0.000 r  clk (IN)
                         net (fo=0)                   0.000     0.000    clk
    E3                   IBUF (Prop_ibuf_I_O)         0.438     0.438 r  clk_IBUF_inst/O
                         net (fo=1, routed)           0.699     1.136    clk_IBUF
    BUFGCTRL_X0Y16       BUFG (Prop_bufg_I_O)         0.029     1.165 r  clk_IBUF_BUFG_inst/O
                         net (fo=27, routed)          0.898     2.063    clk_IBUF_BUFG
    MMCME2_ADV_X0Y0      MMCME2_ADV (Prop_mmcme2_adv_CLKIN1_CLKOUT0)
                                                      0.053     2.116 r  u_mmcm/CLKOUT0
                         net (fo=1, routed)           0.700     2.816    core_clk_mmcm
    BUFGCTRL_X0Y0        BUFG (Prop_bufg_I_O)         0.029     2.845 r  u_core_clk_buf/O
                         net (fo=22148, routed)       0.824     3.669    u_core/core_clk
    SLICE_X49Y70         FDRE                                         r  u_core/ghash_h_reg[88]/C
                         clock pessimism             -0.582     3.086    
    SLICE_X49Y70         FDRE (Hold_fdre_C_D)         0.070     3.156    u_core/ghash_h_reg[88]
  -------------------------------------------------------------------
                         required time                         -3.156    
                         arrival time                           3.177    
  -------------------------------------------------------------------
                         slack                                  0.021    

Slack (MET) :             0.022ns  (arrival time - required time)
  Source:                 u_core/u_hcalc/wordout_r_reg[57]/C
                            (rising edge-triggered cell FDRE clocked by core_clk_mmcm  {rise@0.000ns fall@20.000ns period=40.000ns})
  Destination:            u_core/ghash_h_reg[57]/D
                            (rising edge-triggered cell FDRE clocked by core_clk_mmcm  {rise@0.000ns fall@20.000ns period=40.000ns})
  Path Group:             core_clk_mmcm
  Path Type:              Hold (Min at Fast Process Corner)
  Requirement:            0.000ns  (core_clk_mmcm rise@0.000ns - core_clk_mmcm rise@0.000ns)
  Data Path Delay:        0.353ns  (logic 0.141ns (39.892%)  route 0.212ns (60.107%))
  Logic Levels:           0  
  Clock Path Skew:        0.265ns (DCD - SCD - CPR)
    Destination Clock Delay (DCD):    3.673ns
    Source Clock Delay      (SCD):    2.825ns
    Clock Pessimism Removal (CPR):    0.582ns

    Location             Delay type                Incr(ns)  Path(ns)    Netlist Resource(s)
  -------------------------------------------------------------------    -------------------
                         (clock core_clk_mmcm rise edge)
                                                      0.000     0.000 r  
    E3                                                0.000     0.000 r  clk (IN)
                         net (fo=0)                   0.000     0.000    clk
    E3                   IBUF (Prop_ibuf_I_O)         0.250     0.250 r  clk_IBUF_inst/O
                         net (fo=1, routed)           0.644     0.894    clk_IBUF
    BUFGCTRL_X0Y16       BUFG (Prop_bufg_I_O)         0.026     0.920 r  clk_IBUF_BUFG_inst/O
                         net (fo=27, routed)          0.624     1.544    clk_IBUF_BUFG
    MMCME2_ADV_X0Y0      MMCME2_ADV (Prop_mmcme2_adv_CLKIN1_CLKOUT0)
                                                      0.050     1.594 r  u_mmcm/CLKOUT0
                         net (fo=1, routed)           0.648     2.242    core_clk_mmcm
    BUFGCTRL_X0Y0        BUFG (Prop_bufg_I_O)         0.026     2.268 r  u_core_clk_buf/O
                         net (fo=22148, routed)       0.558     2.825    u_core/u_hcalc/core_clk
    SLICE_X53Y63         FDRE                                         r  u_core/u_hcalc/wordout_r_reg[57]/C
  -------------------------------------------------------------------    -------------------
    SLICE_X53Y63         FDRE (Prop_fdre_C_Q)         0.141     2.966 r  u_core/u_hcalc/wordout_r_reg[57]/Q
                         net (fo=1, routed)           0.212     3.179    u_core/hcalc_wordout[57]
    SLICE_X51Y64         FDRE                                         r  u_core/ghash_h_reg[57]/D
  -------------------------------------------------------------------    -------------------

                         (clock core_clk_mmcm rise edge)
                                                      0.000     0.000 r  
    E3                                                0.000     0.000 r  clk (IN)
                         net (fo=0)                   0.000     0.000    clk
    E3                   IBUF (Prop_ibuf_I_O)         0.438     0.438 r  clk_IBUF_inst/O
                         net (fo=1, routed)           0.699     1.136    clk_IBUF
    BUFGCTRL_X0Y16       BUFG (Prop_bufg_I_O)         0.029     1.165 r  clk_IBUF_BUFG_inst/O
                         net (fo=27, routed)          0.898     2.063    clk_IBUF_BUFG
    MMCME2_ADV_X0Y0      MMCME2_ADV (Prop_mmcme2_adv_CLKIN1_CLKOUT0)
                                                      0.053     2.116 r  u_mmcm/CLKOUT0
                         net (fo=1, routed)           0.700     2.816    core_clk_mmcm
    BUFGCTRL_X0Y0        BUFG (Prop_bufg_I_O)         0.029     2.845 r  u_core_clk_buf/O
                         net (fo=22148, routed)       0.828     3.673    u_core/core_clk
    SLICE_X51Y64         FDRE                                         r  u_core/ghash_h_reg[57]/C
                         clock pessimism             -0.582     3.090    
    SLICE_X51Y64         FDRE (Hold_fdre_C_D)         0.066     3.156    u_core/ghash_h_reg[57]
  -------------------------------------------------------------------
                         required time                         -3.156    
                         arrival time                           3.179    
  -------------------------------------------------------------------
                         slack                                  0.022    

Slack (MET) :             0.025ns  (arrival time - required time)
  Source:                 frame_load_payload_reg[650]/C
                            (rising edge-triggered cell FDRE clocked by core_clk_mmcm  {rise@0.000ns fall@20.000ns period=40.000ns})
  Destination:            frame_payload_buf_reg[650]/D
                            (rising edge-triggered cell FDRE clocked by core_clk_mmcm  {rise@0.000ns fall@20.000ns period=40.000ns})
  Path Group:             core_clk_mmcm
  Path Type:              Hold (Min at Fast Process Corner)
  Requirement:            0.000ns  (core_clk_mmcm rise@0.000ns - core_clk_mmcm rise@0.000ns)
  Data Path Delay:        0.354ns  (logic 0.141ns (39.824%)  route 0.213ns (60.176%))
  Logic Levels:           0  
  Clock Path Skew:        0.266ns (DCD - SCD - CPR)
    Destination Clock Delay (DCD):    3.735ns
    Source Clock Delay      (SCD):    2.883ns
    Clock Pessimism Removal (CPR):    0.586ns

    Location             Delay type                Incr(ns)  Path(ns)    Netlist Resource(s)
  -------------------------------------------------------------------    -------------------
                         (clock core_clk_mmcm rise edge)
                                                      0.000     0.000 r  
    E3                                                0.000     0.000 r  clk (IN)
                         net (fo=0)                   0.000     0.000    clk
    E3                   IBUF (Prop_ibuf_I_O)         0.250     0.250 r  clk_IBUF_inst/O
                         net (fo=1, routed)           0.644     0.894    clk_IBUF
    BUFGCTRL_X0Y16       BUFG (Prop_bufg_I_O)         0.026     0.920 r  clk_IBUF_BUFG_inst/O
                         net (fo=27, routed)          0.624     1.544    clk_IBUF_BUFG
    MMCME2_ADV_X0Y0      MMCME2_ADV (Prop_mmcme2_adv_CLKIN1_CLKOUT0)
                                                      0.050     1.594 r  u_mmcm/CLKOUT0
                         net (fo=1, routed)           0.648     2.242    core_clk_mmcm
    BUFGCTRL_X0Y0        BUFG (Prop_bufg_I_O)         0.026     2.268 r  u_core_clk_buf/O
                         net (fo=22148, routed)       0.615     2.883    core_clk
    SLICE_X53Y25         FDRE                                         r  frame_load_payload_reg[650]/C
  -------------------------------------------------------------------    -------------------
    SLICE_X53Y25         FDRE (Prop_fdre_C_Q)         0.141     3.024 r  frame_load_payload_reg[650]/Q
                         net (fo=1, routed)           0.213     3.237    frame_load_payload_reg_n_0_[650]
    SLICE_X50Y27         FDRE                                         r  frame_payload_buf_reg[650]/D
  -------------------------------------------------------------------    -------------------

                         (clock core_clk_mmcm rise edge)
                                                      0.000     0.000 r  
    E3                                                0.000     0.000 r  clk (IN)
                         net (fo=0)                   0.000     0.000    clk
    E3                   IBUF (Prop_ibuf_I_O)         0.438     0.438 r  clk_IBUF_inst/O
                         net (fo=1, routed)           0.699     1.136    clk_IBUF
    BUFGCTRL_X0Y16       BUFG (Prop_bufg_I_O)         0.029     1.165 r  clk_IBUF_BUFG_inst/O
                         net (fo=27, routed)          0.898     2.063    clk_IBUF_BUFG
    MMCME2_ADV_X0Y0      MMCME2_ADV (Prop_mmcme2_adv_CLKIN1_CLKOUT0)
                                                      0.053     2.116 r  u_mmcm/CLKOUT0
                         net (fo=1, routed)           0.700     2.816    core_clk_mmcm
    BUFGCTRL_X0Y0        BUFG (Prop_bufg_I_O)         0.029     2.845 r  u_core_clk_buf/O
                         net (fo=22148, routed)       0.890     3.735    core_clk
    SLICE_X50Y27         FDRE                                         r  frame_payload_buf_reg[650]/C
                         clock pessimism             -0.586     3.149    
    SLICE_X50Y27         FDRE (Hold_fdre_C_D)         0.063     3.212    frame_payload_buf_reg[650]
  -------------------------------------------------------------------
                         required time                         -3.212    
                         arrival time                           3.237    
  -------------------------------------------------------------------
                         slack                                  0.025    

Slack (MET) :             0.025ns  (arrival time - required time)
  Source:                 u_core/u_hcalc/wordout_r_reg[49]/C
                            (rising edge-triggered cell FDRE clocked by core_clk_mmcm  {rise@0.000ns fall@20.000ns period=40.000ns})
  Destination:            u_core/ghash_h_reg[49]/D
                            (rising edge-triggered cell FDRE clocked by core_clk_mmcm  {rise@0.000ns fall@20.000ns period=40.000ns})
  Path Group:             core_clk_mmcm
  Path Type:              Hold (Min at Fast Process Corner)
  Requirement:            0.000ns  (core_clk_mmcm rise@0.000ns - core_clk_mmcm rise@0.000ns)
  Data Path Delay:        0.362ns  (logic 0.141ns (38.905%)  route 0.221ns (61.095%))
  Logic Levels:           0  
  Clock Path Skew:        0.267ns (DCD - SCD - CPR)
    Destination Clock Delay (DCD):    3.670ns
    Source Clock Delay      (SCD):    2.820ns
    Clock Pessimism Removal (CPR):    0.582ns

    Location             Delay type                Incr(ns)  Path(ns)    Netlist Resource(s)
  -------------------------------------------------------------------    -------------------
                         (clock core_clk_mmcm rise edge)
                                                      0.000     0.000 r  
    E3                                                0.000     0.000 r  clk (IN)
                         net (fo=0)                   0.000     0.000    clk
    E3                   IBUF (Prop_ibuf_I_O)         0.250     0.250 r  clk_IBUF_inst/O
                         net (fo=1, routed)           0.644     0.894    clk_IBUF
    BUFGCTRL_X0Y16       BUFG (Prop_bufg_I_O)         0.026     0.920 r  clk_IBUF_BUFG_inst/O
                         net (fo=27, routed)          0.624     1.544    clk_IBUF_BUFG
    MMCME2_ADV_X0Y0      MMCME2_ADV (Prop_mmcme2_adv_CLKIN1_CLKOUT0)
                                                      0.050     1.594 r  u_mmcm/CLKOUT0
                         net (fo=1, routed)           0.648     2.242    core_clk_mmcm
    BUFGCTRL_X0Y0        BUFG (Prop_bufg_I_O)         0.026     2.268 r  u_core_clk_buf/O
                         net (fo=22148, routed)       0.553     2.820    u_core/u_hcalc/core_clk
    SLICE_X53Y70         FDRE                                         r  u_core/u_hcalc/wordout_r_reg[49]/C
  -------------------------------------------------------------------    -------------------
    SLICE_X53Y70         FDRE (Prop_fdre_C_Q)         0.141     2.961 r  u_core/u_hcalc/wordout_r_reg[49]/Q
                         net (fo=1, routed)           0.221     3.183    u_core/hcalc_wordout[49]
    SLICE_X48Y69         FDRE                                         r  u_core/ghash_h_reg[49]/D
  -------------------------------------------------------------------    -------------------

                         (clock core_clk_mmcm rise edge)
                                                      0.000     0.000 r  
    E3                                                0.000     0.000 r  clk (IN)
                         net (fo=0)                   0.000     0.000    clk
    E3                   IBUF (Prop_ibuf_I_O)         0.438     0.438 r  clk_IBUF_inst/O
                         net (fo=1, routed)           0.699     1.136    clk_IBUF
    BUFGCTRL_X0Y16       BUFG (Prop_bufg_I_O)         0.029     1.165 r  clk_IBUF_BUFG_inst/O
                         net (fo=27, routed)          0.898     2.063    clk_IBUF_BUFG
    MMCME2_ADV_X0Y0      MMCME2_ADV (Prop_mmcme2_adv_CLKIN1_CLKOUT0)
                                                      0.053     2.116 r  u_mmcm/CLKOUT0
                         net (fo=1, routed)           0.700     2.816    core_clk_mmcm
    BUFGCTRL_X0Y0        BUFG (Prop_bufg_I_O)         0.029     2.845 r  u_core_clk_buf/O
                         net (fo=22148, routed)       0.825     3.670    u_core/core_clk
    SLICE_X48Y69         FDRE                                         r  u_core/ghash_h_reg[49]/C
                         clock pessimism             -0.582     3.087    
    SLICE_X48Y69         FDRE (Hold_fdre_C_D)         0.070     3.157    u_core/ghash_h_reg[49]
  -------------------------------------------------------------------
                         required time                         -3.157    
                         arrival time                           3.183    
  -------------------------------------------------------------------
                         slack                                  0.025    

Slack (MET) :             0.026ns  (arrival time - required time)
  Source:                 u_core/data_plaintext_reg[44]/C
                            (rising edge-triggered cell FDRE clocked by core_clk_mmcm  {rise@0.000ns fall@20.000ns period=40.000ns})
  Destination:            u_core/u_data_ctr/plaintext_r_reg[44]/D
                            (rising edge-triggered cell FDRE clocked by core_clk_mmcm  {rise@0.000ns fall@20.000ns period=40.000ns})
  Path Group:             core_clk_mmcm
  Path Type:              Hold (Min at Fast Process Corner)
  Requirement:            0.000ns  (core_clk_mmcm rise@0.000ns - core_clk_mmcm rise@0.000ns)
  Data Path Delay:        0.357ns  (logic 0.141ns (39.465%)  route 0.216ns (60.535%))
  Logic Levels:           0  
  Clock Path Skew:        0.261ns (DCD - SCD - CPR)
    Destination Clock Delay (DCD):    3.662ns
    Source Clock Delay      (SCD):    2.818ns
    Clock Pessimism Removal (CPR):    0.582ns

    Location             Delay type                Incr(ns)  Path(ns)    Netlist Resource(s)
  -------------------------------------------------------------------    -------------------
                         (clock core_clk_mmcm rise edge)
                                                      0.000     0.000 r  
    E3                                                0.000     0.000 r  clk (IN)
                         net (fo=0)                   0.000     0.000    clk
    E3                   IBUF (Prop_ibuf_I_O)         0.250     0.250 r  clk_IBUF_inst/O
                         net (fo=1, routed)           0.644     0.894    clk_IBUF
    BUFGCTRL_X0Y16       BUFG (Prop_bufg_I_O)         0.026     0.920 r  clk_IBUF_BUFG_inst/O
                         net (fo=27, routed)          0.624     1.544    clk_IBUF_BUFG
    MMCME2_ADV_X0Y0      MMCME2_ADV (Prop_mmcme2_adv_CLKIN1_CLKOUT0)
                                                      0.050     1.594 r  u_mmcm/CLKOUT0
                         net (fo=1, routed)           0.648     2.242    core_clk_mmcm
    BUFGCTRL_X0Y0        BUFG (Prop_bufg_I_O)         0.026     2.268 r  u_core_clk_buf/O
                         net (fo=22148, routed)       0.551     2.818    u_core/core_clk
    SLICE_X51Y127        FDRE                                         r  u_core/data_plaintext_reg[44]/C
  -------------------------------------------------------------------    -------------------
    SLICE_X51Y127        FDRE (Prop_fdre_C_Q)         0.141     2.959 r  u_core/data_plaintext_reg[44]/Q
                         net (fo=1, routed)           0.216     3.176    u_core/u_data_ctr/plaintext_r_reg[127]_0[44]
    SLICE_X55Y127        FDRE                                         r  u_core/u_data_ctr/plaintext_r_reg[44]/D
  -------------------------------------------------------------------    -------------------

                         (clock core_clk_mmcm rise edge)
                                                      0.000     0.000 r  
    E3                                                0.000     0.000 r  clk (IN)
                         net (fo=0)                   0.000     0.000    clk
    E3                   IBUF (Prop_ibuf_I_O)         0.438     0.438 r  clk_IBUF_inst/O
                         net (fo=1, routed)           0.699     1.136    clk_IBUF
    BUFGCTRL_X0Y16       BUFG (Prop_bufg_I_O)         0.029     1.165 r  clk_IBUF_BUFG_inst/O
                         net (fo=27, routed)          0.898     2.063    clk_IBUF_BUFG
    MMCME2_ADV_X0Y0      MMCME2_ADV (Prop_mmcme2_adv_CLKIN1_CLKOUT0)
                                                      0.053     2.116 r  u_mmcm/CLKOUT0
                         net (fo=1, routed)           0.700     2.816    core_clk_mmcm
    BUFGCTRL_X0Y0        BUFG (Prop_bufg_I_O)         0.029     2.845 r  u_core_clk_buf/O
                         net (fo=22148, routed)       0.816     3.662    u_core/u_data_ctr/core_clk
    SLICE_X55Y127        FDRE                                         r  u_core/u_data_ctr/plaintext_r_reg[44]/C
                         clock pessimism             -0.582     3.079    
    SLICE_X55Y127        FDRE (Hold_fdre_C_D)         0.070     3.149    u_core/u_data_ctr/plaintext_r_reg[44]
  -------------------------------------------------------------------
                         required time                         -3.149    
                         arrival time                           3.176    
  -------------------------------------------------------------------
                         slack                                  0.026    

Slack (MET) :             0.027ns  (arrival time - required time)
  Source:                 u_core/u_aad_ct_in/aad_data_r_reg[684]/C
                            (rising edge-triggered cell FDRE clocked by core_clk_mmcm  {rise@0.000ns fall@20.000ns period=40.000ns})
  Destination:            u_core/u_aad_ct_in/aad_data_r_reg[692]/D
                            (rising edge-triggered cell FDRE clocked by core_clk_mmcm  {rise@0.000ns fall@20.000ns period=40.000ns})
  Path Group:             core_clk_mmcm
  Path Type:              Hold (Min at Fast Process Corner)
  Requirement:            0.000ns  (core_clk_mmcm rise@0.000ns - core_clk_mmcm rise@0.000ns)
  Data Path Delay:        0.360ns  (logic 0.141ns (39.177%)  route 0.219ns (60.823%))
  Logic Levels:           0  
  Clock Path Skew:        0.263ns (DCD - SCD - CPR)
    Destination Clock Delay (DCD):    3.665ns
    Source Clock Delay      (SCD):    2.819ns
    Clock Pessimism Removal (CPR):    0.582ns

    Location             Delay type                Incr(ns)  Path(ns)    Netlist Resource(s)
  -------------------------------------------------------------------    -------------------
                         (clock core_clk_mmcm rise edge)
                                                      0.000     0.000 r  
    E3                                                0.000     0.000 r  clk (IN)
                         net (fo=0)                   0.000     0.000    clk
    E3                   IBUF (Prop_ibuf_I_O)         0.250     0.250 r  clk_IBUF_inst/O
                         net (fo=1, routed)           0.644     0.894    clk_IBUF
    BUFGCTRL_X0Y16       BUFG (Prop_bufg_I_O)         0.026     0.920 r  clk_IBUF_BUFG_inst/O
                         net (fo=27, routed)          0.624     1.544    clk_IBUF_BUFG
    MMCME2_ADV_X0Y0      MMCME2_ADV (Prop_mmcme2_adv_CLKIN1_CLKOUT0)
                                                      0.050     1.594 r  u_mmcm/CLKOUT0
                         net (fo=1, routed)           0.648     2.242    core_clk_mmcm
    BUFGCTRL_X0Y0        BUFG (Prop_bufg_I_O)         0.026     2.268 r  u_core_clk_buf/O
                         net (fo=22148, routed)       0.552     2.819    u_core/u_aad_ct_in/core_clk
    SLICE_X52Y119        FDRE                                         r  u_core/u_aad_ct_in/aad_data_r_reg[684]/C
  -------------------------------------------------------------------    -------------------
    SLICE_X52Y119        FDRE (Prop_fdre_C_Q)         0.141     2.960 r  u_core/u_aad_ct_in/aad_data_r_reg[684]/Q
                         net (fo=2, routed)           0.219     3.179    u_core/u_aad_ct_in/aad_data[684]
    SLICE_X51Y120        FDRE                                         r  u_core/u_aad_ct_in/aad_data_r_reg[692]/D
  -------------------------------------------------------------------    -------------------

                         (clock core_clk_mmcm rise edge)
                                                      0.000     0.000 r  
    E3                                                0.000     0.000 r  clk (IN)
                         net (fo=0)                   0.000     0.000    clk
    E3                   IBUF (Prop_ibuf_I_O)         0.438     0.438 r  clk_IBUF_inst/O
                         net (fo=1, routed)           0.699     1.136    clk_IBUF
    BUFGCTRL_X0Y16       BUFG (Prop_bufg_I_O)         0.029     1.165 r  clk_IBUF_BUFG_inst/O
                         net (fo=27, routed)          0.898     2.063    clk_IBUF_BUFG
    MMCME2_ADV_X0Y0      MMCME2_ADV (Prop_mmcme2_adv_CLKIN1_CLKOUT0)
                                                      0.053     2.116 r  u_mmcm/CLKOUT0
                         net (fo=1, routed)           0.700     2.816    core_clk_mmcm
    BUFGCTRL_X0Y0        BUFG (Prop_bufg_I_O)         0.029     2.845 r  u_core_clk_buf/O
                         net (fo=22148, routed)       0.820     3.665    u_core/u_aad_ct_in/core_clk
    SLICE_X51Y120        FDRE                                         r  u_core/u_aad_ct_in/aad_data_r_reg[692]/C
                         clock pessimism             -0.582     3.082    
    SLICE_X51Y120        FDRE (Hold_fdre_C_D)         0.070     3.152    u_core/u_aad_ct_in/aad_data_r_reg[692]
  -------------------------------------------------------------------
                         required time                         -3.152    
                         arrival time                           3.179    
  -------------------------------------------------------------------
                         slack                                  0.027    

Slack (MET) :             0.028ns  (arrival time - required time)
  Source:                 frame_load_payload_reg[722]/C
                            (rising edge-triggered cell FDRE clocked by core_clk_mmcm  {rise@0.000ns fall@20.000ns period=40.000ns})
  Destination:            frame_payload_buf_reg[722]/D
                            (rising edge-triggered cell FDRE clocked by core_clk_mmcm  {rise@0.000ns fall@20.000ns period=40.000ns})
  Path Group:             core_clk_mmcm
  Path Type:              Hold (Min at Fast Process Corner)
  Requirement:            0.000ns  (core_clk_mmcm rise@0.000ns - core_clk_mmcm rise@0.000ns)
  Data Path Delay:        0.367ns  (logic 0.141ns (38.392%)  route 0.226ns (61.608%))
  Logic Levels:           0  
  Clock Path Skew:        0.267ns (DCD - SCD - CPR)
    Destination Clock Delay (DCD):    3.739ns
    Source Clock Delay      (SCD):    2.886ns
    Clock Pessimism Removal (CPR):    0.586ns

    Location             Delay type                Incr(ns)  Path(ns)    Netlist Resource(s)
  -------------------------------------------------------------------    -------------------
                         (clock core_clk_mmcm rise edge)
                                                      0.000     0.000 r  
    E3                                                0.000     0.000 r  clk (IN)
                         net (fo=0)                   0.000     0.000    clk
    E3                   IBUF (Prop_ibuf_I_O)         0.250     0.250 r  clk_IBUF_inst/O
                         net (fo=1, routed)           0.644     0.894    clk_IBUF
    BUFGCTRL_X0Y16       BUFG (Prop_bufg_I_O)         0.026     0.920 r  clk_IBUF_BUFG_inst/O
                         net (fo=27, routed)          0.624     1.544    clk_IBUF_BUFG
    MMCME2_ADV_X0Y0      MMCME2_ADV (Prop_mmcme2_adv_CLKIN1_CLKOUT0)
                                                      0.050     1.594 r  u_mmcm/CLKOUT0
                         net (fo=1, routed)           0.648     2.242    core_clk_mmcm
    BUFGCTRL_X0Y0        BUFG (Prop_bufg_I_O)         0.026     2.268 r  u_core_clk_buf/O
                         net (fo=22148, routed)       0.618     2.886    core_clk
    SLICE_X55Y28         FDRE                                         r  frame_load_payload_reg[722]/C
  -------------------------------------------------------------------    -------------------
    SLICE_X55Y28         FDRE (Prop_fdre_C_Q)         0.141     3.027 r  frame_load_payload_reg[722]/Q
                         net (fo=1, routed)           0.226     3.253    frame_load_payload_reg_n_0_[722]
    SLICE_X49Y29         FDRE                                         r  frame_payload_buf_reg[722]/D
  -------------------------------------------------------------------    -------------------

                         (clock core_clk_mmcm rise edge)
                                                      0.000     0.000 r  
    E3                                                0.000     0.000 r  clk (IN)
                         net (fo=0)                   0.000     0.000    clk
    E3                   IBUF (Prop_ibuf_I_O)         0.438     0.438 r  clk_IBUF_inst/O
                         net (fo=1, routed)           0.699     1.136    clk_IBUF
    BUFGCTRL_X0Y16       BUFG (Prop_bufg_I_O)         0.029     1.165 r  clk_IBUF_BUFG_inst/O
                         net (fo=27, routed)          0.898     2.063    clk_IBUF_BUFG
    MMCME2_ADV_X0Y0      MMCME2_ADV (Prop_mmcme2_adv_CLKIN1_CLKOUT0)
                                                      0.053     2.116 r  u_mmcm/CLKOUT0
                         net (fo=1, routed)           0.700     2.816    core_clk_mmcm
    BUFGCTRL_X0Y0        BUFG (Prop_bufg_I_O)         0.029     2.845 r  u_core_clk_buf/O
                         net (fo=22148, routed)       0.894     3.739    core_clk
    SLICE_X49Y29         FDRE                                         r  frame_payload_buf_reg[722]/C
                         clock pessimism             -0.586     3.153    
    SLICE_X49Y29         FDRE (Hold_fdre_C_D)         0.072     3.225    frame_payload_buf_reg[722]
  -------------------------------------------------------------------
                         required time                         -3.225    
                         arrival time                           3.253    
  -------------------------------------------------------------------
                         slack                                  0.028    

Slack (MET) :             0.031ns  (arrival time - required time)
  Source:                 u_core/u_iv_in/iv_data_r_reg[314]/C
                            (rising edge-triggered cell FDRE clocked by core_clk_mmcm  {rise@0.000ns fall@20.000ns period=40.000ns})
  Destination:            u_core/ghash_src_data_reg[314]/D
                            (rising edge-triggered cell FDRE clocked by core_clk_mmcm  {rise@0.000ns fall@20.000ns period=40.000ns})
  Path Group:             core_clk_mmcm
  Path Type:              Hold (Min at Fast Process Corner)
  Requirement:            0.000ns  (core_clk_mmcm rise@0.000ns - core_clk_mmcm rise@0.000ns)
  Data Path Delay:        0.420ns  (logic 0.209ns (49.817%)  route 0.211ns (50.183%))
  Logic Levels:           1  (LUT3=1)
  Clock Path Skew:        0.268ns (DCD - SCD - CPR)
    Destination Clock Delay (DCD):    3.677ns
    Source Clock Delay      (SCD):    2.831ns
    Clock Pessimism Removal (CPR):    0.577ns

    Location             Delay type                Incr(ns)  Path(ns)    Netlist Resource(s)
  -------------------------------------------------------------------    -------------------
                         (clock core_clk_mmcm rise edge)
                                                      0.000     0.000 r  
    E3                                                0.000     0.000 r  clk (IN)
                         net (fo=0)                   0.000     0.000    clk
    E3                   IBUF (Prop_ibuf_I_O)         0.250     0.250 r  clk_IBUF_inst/O
                         net (fo=1, routed)           0.644     0.894    clk_IBUF
    BUFGCTRL_X0Y16       BUFG (Prop_bufg_I_O)         0.026     0.920 r  clk_IBUF_BUFG_inst/O
                         net (fo=27, routed)          0.624     1.544    clk_IBUF_BUFG
    MMCME2_ADV_X0Y0      MMCME2_ADV (Prop_mmcme2_adv_CLKIN1_CLKOUT0)
                                                      0.050     1.594 r  u_mmcm/CLKOUT0
                         net (fo=1, routed)           0.648     2.242    core_clk_mmcm
    BUFGCTRL_X0Y0        BUFG (Prop_bufg_I_O)         0.026     2.268 r  u_core_clk_buf/O
                         net (fo=22148, routed)       0.564     2.831    u_core/u_iv_in/core_clk
    SLICE_X50Y99         FDRE                                         r  u_core/u_iv_in/iv_data_r_reg[314]/C
  -------------------------------------------------------------------    -------------------
    SLICE_X50Y99         FDRE (Prop_fdre_C_Q)         0.164     2.995 r  u_core/u_iv_in/iv_data_r_reg[314]/Q
                         net (fo=2, routed)           0.211     3.206    u_core/u_aad_ct_in/iv_data[314]
    SLICE_X50Y101        LUT3 (Prop_lut3_I2_O)        0.045     3.251 r  u_core/u_aad_ct_in/ghash_src_data[314]_i_1/O
                         net (fo=1, routed)           0.000     3.251    u_core/ghash_src_data[314]
    SLICE_X50Y101        FDRE                                         r  u_core/ghash_src_data_reg[314]/D
  -------------------------------------------------------------------    -------------------

                         (clock core_clk_mmcm rise edge)
                                                      0.000     0.000 r  
    E3                                                0.000     0.000 r  clk (IN)
                         net (fo=0)                   0.000     0.000    clk
    E3                   IBUF (Prop_ibuf_I_O)         0.438     0.438 r  clk_IBUF_inst/O
                         net (fo=1, routed)           0.699     1.136    clk_IBUF
    BUFGCTRL_X0Y16       BUFG (Prop_bufg_I_O)         0.029     1.165 r  clk_IBUF_BUFG_inst/O
                         net (fo=27, routed)          0.898     2.063    clk_IBUF_BUFG
    MMCME2_ADV_X0Y0      MMCME2_ADV (Prop_mmcme2_adv_CLKIN1_CLKOUT0)
                                                      0.053     2.116 r  u_mmcm/CLKOUT0
                         net (fo=1, routed)           0.700     2.816    core_clk_mmcm
    BUFGCTRL_X0Y0        BUFG (Prop_bufg_I_O)         0.029     2.845 r  u_core_clk_buf/O
                         net (fo=22148, routed)       0.832     3.677    u_core/core_clk
    SLICE_X50Y101        FDRE                                         r  u_core/ghash_src_data_reg[314]/C
                         clock pessimism             -0.577     3.099    
    SLICE_X50Y101        FDRE (Hold_fdre_C_D)         0.121     3.220    u_core/ghash_src_data_reg[314]
  -------------------------------------------------------------------
                         required time                         -3.220    
                         arrival time                           3.251    
  -------------------------------------------------------------------
                         slack                                  0.031    





Pulse Width Checks
--------------------------------------------------------------------------------------
Clock Name:         core_clk_mmcm
Waveform(ns):       { 0.000 20.000 }
Period(ns):         40.000
Sources:            { u_mmcm/CLKOUT0 }

Check Type        Corner  Lib Pin             Reference Pin  Required(ns)  Actual(ns)  Slack(ns)  Location         Pin
Min Period        n/a     RAMB18E1/CLKARDCLK  n/a            2.576         40.000      37.424     RAMB18_X0Y36     u_core/u_data_ctr/g0/i_/CLKARDCLK
Min Period        n/a     RAMB18E1/CLKBWRCLK  n/a            2.576         40.000      37.424     RAMB18_X0Y36     u_core/u_data_ctr/g0/i_/CLKBWRCLK
Min Period        n/a     RAMB18E1/CLKARDCLK  n/a            2.576         40.000      37.424     RAMB18_X0Y32     u_core/u_data_ctr/g0/i___0/CLKARDCLK
Min Period        n/a     RAMB18E1/CLKBWRCLK  n/a            2.576         40.000      37.424     RAMB18_X0Y32     u_core/u_data_ctr/g0/i___0/CLKBWRCLK
Min Period        n/a     RAMB18E1/CLKARDCLK  n/a            2.576         40.000      37.424     RAMB18_X2Y36     u_core/u_data_ctr/g0/i___1/CLKARDCLK
Min Period        n/a     RAMB18E1/CLKBWRCLK  n/a            2.576         40.000      37.424     RAMB18_X2Y36     u_core/u_data_ctr/g0/i___1/CLKBWRCLK
Min Period        n/a     RAMB18E1/CLKARDCLK  n/a            2.576         40.000      37.424     RAMB18_X0Y31     u_core/u_data_ctr/g0/i___2/CLKARDCLK
Min Period        n/a     RAMB18E1/CLKBWRCLK  n/a            2.576         40.000      37.424     RAMB18_X0Y31     u_core/u_data_ctr/g0/i___2/CLKBWRCLK
Min Period        n/a     RAMB18E1/CLKARDCLK  n/a            2.576         40.000      37.424     RAMB18_X1Y36     u_core/u_data_ctr/g0/i___3/CLKARDCLK
Min Period        n/a     RAMB18E1/CLKBWRCLK  n/a            2.576         40.000      37.424     RAMB18_X1Y36     u_core/u_data_ctr/g0/i___3/CLKBWRCLK
Max Period        n/a     MMCME2_ADV/CLKOUT0  n/a            213.360       40.000      173.360    MMCME2_ADV_X0Y0  u_mmcm/CLKOUT0
Low Pulse Width   Slow    FDRE/C              n/a            0.500         20.000      19.500     SLICE_X20Y35     aad_cfg_reg[0]/C
Low Pulse Width   Fast    FDRE/C              n/a            0.500         20.000      19.500     SLICE_X20Y35     aad_cfg_reg[0]/C
Low Pulse Width   Slow    FDRE/C              n/a            0.500         20.000      19.500     SLICE_X12Y37     aad_cfg_reg[1000]/C
Low Pulse Width   Fast    FDRE/C              n/a            0.500         20.000      19.500     SLICE_X12Y37     aad_cfg_reg[1000]/C
Low Pulse Width   Slow    FDRE/C              n/a            0.500         20.000      19.500     SLICE_X14Y22     aad_cfg_reg[1001]/C
Low Pulse Width   Fast    FDRE/C              n/a            0.500         20.000      19.500     SLICE_X14Y22     aad_cfg_reg[1001]/C
Low Pulse Width   Slow    FDRE/C              n/a            0.500         20.000      19.500     SLICE_X61Y31     aad_cfg_reg[1002]/C
Low Pulse Width   Fast    FDRE/C              n/a            0.500         20.000      19.500     SLICE_X61Y31     aad_cfg_reg[1002]/C
Low Pulse Width   Slow    FDRE/C              n/a            0.500         20.000      19.500     SLICE_X58Y17     aad_cfg_reg[1003]/C
Low Pulse Width   Fast    FDRE/C              n/a            0.500         20.000      19.500     SLICE_X58Y17     aad_cfg_reg[1003]/C
High Pulse Width  Slow    FDRE/C              n/a            0.500         20.000      19.500     SLICE_X20Y35     aad_cfg_reg[0]/C
High Pulse Width  Fast    FDRE/C              n/a            0.500         20.000      19.500     SLICE_X20Y35     aad_cfg_reg[0]/C
High Pulse Width  Slow    FDRE/C              n/a            0.500         20.000      19.500     SLICE_X12Y37     aad_cfg_reg[1000]/C
High Pulse Width  Fast    FDRE/C              n/a            0.500         20.000      19.500     SLICE_X12Y37     aad_cfg_reg[1000]/C
High Pulse Width  Slow    FDRE/C              n/a            0.500         20.000      19.500     SLICE_X14Y22     aad_cfg_reg[1001]/C
High Pulse Width  Fast    FDRE/C              n/a            0.500         20.000      19.500     SLICE_X14Y22     aad_cfg_reg[1001]/C
High Pulse Width  Slow    FDRE/C              n/a            0.500         20.000      19.500     SLICE_X61Y31     aad_cfg_reg[1002]/C
High Pulse Width  Fast    FDRE/C              n/a            0.500         20.000      19.500     SLICE_X61Y31     aad_cfg_reg[1002]/C
High Pulse Width  Slow    FDRE/C              n/a            0.500         20.000      19.500     SLICE_X58Y17     aad_cfg_reg[1003]/C
High Pulse Width  Fast    FDRE/C              n/a            0.500         20.000      19.500     SLICE_X58Y17     aad_cfg_reg[1003]/C



---------------------------------------------------------------------------------------------------
From Clock:  mmcm_clkfb
  To Clock:  mmcm_clkfb

Setup :           NA  Failing Endpoints,  Worst Slack           NA  ,  Total Violation           NA
Hold  :           NA  Failing Endpoints,  Worst Slack           NA  ,  Total Violation           NA
PW    :            0  Failing Endpoints,  Worst Slack        8.751ns,  Total Violation        0.000ns
---------------------------------------------------------------------------------------------------


Pulse Width Checks
--------------------------------------------------------------------------------------
Clock Name:         mmcm_clkfb
Waveform(ns):       { 0.000 5.000 }
Period(ns):         10.000
Sources:            { u_mmcm/CLKFBOUT }

Check Type  Corner  Lib Pin              Reference Pin  Required(ns)  Actual(ns)  Slack(ns)  Location         Pin
Min Period  n/a     MMCME2_ADV/CLKFBOUT  n/a            1.249         10.000      8.751      MMCME2_ADV_X0Y0  u_mmcm/CLKFBOUT
Min Period  n/a     MMCME2_ADV/CLKFBIN   n/a            1.249         10.000      8.751      MMCME2_ADV_X0Y0  u_mmcm/CLKFBIN
Max Period  n/a     MMCME2_ADV/CLKFBIN   n/a            100.000       10.000      90.000     MMCME2_ADV_X0Y0  u_mmcm/CLKFBIN
Max Period  n/a     MMCME2_ADV/CLKFBOUT  n/a            213.360       10.000      203.360    MMCME2_ADV_X0Y0  u_mmcm/CLKFBOUT



